country_code,country_name,total_debt_usd,private_png_debt_usd,public_ppg_debt_usd,short_term_debt_usd,ibrd_debt_usd,ida_debt_usd,world_bank_debt_usd,total_debt_service_usd,ppg_debt_service_usd,multilateral_debt_service_usd,region,income_level,debt_pct_gni,short_term_pct_reserves,debt_service_pct_exports,gdp_current_usd,gdp_per_capita_usd,population,total_reserves_usd,short_term_share,public_ppg_share,private_png_share,multilateral_share,debt_pct_gdp,debt_service_pct_debt,reserves_to_debt,debt_per_capita_usd
AFG,Afghanistan,3344095867.1,17748000.0,1794720843.5,442598969.1,,279735000.0,279735000.0,67599109.7,35055000.0,35055000.0,"Middle East, North Africa, Afghanistan & Pakistan",Low income,,13.2352,,17778508875.7396,416.871146273728,42647492,,0.13235235671751894,0.5366834309856021,0.005307264117218944,0.08365041288202847,18.809765714735075,2.0214465250549756,,78.4124859464186
AGO,Angola,58733063313.6,1751264000.0,46109545925.5,5808502070.9,4491170000.0,283421000.0,4774591000.0,10869612024.9,9857590390.0,491204277.4,Sub-Saharan Africa ,Lower middle income,79.5726391511001,9.8896,28.9122414363047,103080538044.058,2720.81900669715,37885849,14242892504.625,0.09889663067437869,0.7850696579421059,0.029817344800309165,0.08129306953574843,56.97783929736252,18.506802491916126,0.24250212233229407,1550.263881207994
ALB,Albania,10712630800.8,4029941000.0,5081739368.7,1240828000.0,967091000.0,338405000.0,1305496000.0,871913134.4,503589942.8,322907197.2,Europe & Central Asia,Upper middle income,39.7190681766686,11.5828,8.00915421288433,27037474263.2977,11374.0085781236,2377128,6515581527.60071,0.11582850404098098,0.47436894477129793,0.3761859318160252,0.12186511644763376,39.6214183931447,8.139113077012672,0.6082148865910826,4506.543526810504
ARG,Argentina,242357155703.1,35988669000.0,110608485691.5,48583029942.6,10737718000.0,,10737718000.0,39484713949.4,14245524164.4,5074626873.1,Latin America & Caribbean ,Upper middle income,39.0583452380588,20.046,38.2533536654791,638365455340.04,13969.7836603737,45696159,29559610350.7831,0.20046047248597318,0.4563863005018968,0.14849435287187465,0.04430534748953011,37.9652679630045,16.2919530206778,0.1219671449973408,5303.665800512906
ARM,Armenia,16396165488.7,6099796000.0,6314221010.4,3498904000.0,1074773000.0,648662000.0,1723435000.0,1817767854.8,569132972.7,333977301.1,Europe & Central Asia,Upper middle income,65.9870950657396,21.3397,9.17206815657839,25955275380.0321,8556.21406956719,3033500,3685220142.94538,0.2133976997494563,0.38510351793848807,0.37202576445107793,0.10511207642956315,63.17084002627801,11.086542497102625,0.22476109706779798,5405.032302192188
AZE,Azerbaijan,12199421517.2,1815327215.3,9475776171.1,218427000.0,1032787000.0,132895000.0,1165682000.0,4179528918.5,3305254954.2,842731655.6,Europe & Central Asia,Upper middle income,17.0427856612147,1.7904,11.3863005417684,74426000000.0,7294.64276088105,10202830,12699124299.9099,0.017904701439493596,0.7767397952222632,0.1488043685301442,0.09555223568236423,16.391343773949963,34.26005825446124,1.0409611867255646,1195.6899720175677
BDI,Burundi,1023879227.4,,601229941.5,2650120.6,,109468000.0,109468000.0,35822368.6,21188598.9,14505255.1,Sub-Saharan Africa ,Low income,47.1269669797444,0.2588,,3037579858.38142,216.231928531758,14047786,,0.0025883136693080643,0.5872078712122527,,0.10691495351261192,33.70707191696932,3.4986908261598355,,72.88545165764911
BEN,Benin,14162933686.6,2790571000.0,8920517760.1,1269746000.0,,2317489000.0,2317489000.0,1144066295.4,952672658.3,200143787.1,Sub-Saharan Africa ,Lower middle income,66.5543408193995,8.9652,26.8148132358465,21482643706.4249,1485.38018885134,14462724,,0.08965275331348524,0.62984957477701,0.19703340153602833,0.1636305762126564,65.92733129193142,8.0778906455125,,979.2715180487438
BFA,Burkina Faso,10845161721.4,5067696000.0,5121248650.8,0.0,,2616134000.0,2616134000.0,884322429.8,295932097.4,228428172.7,Sub-Saharan Africa ,Low income,48.7617444251463,0.0,13.6006276960344,23136514855.7646,982.493100418428,23548781,,0.0,0.4722150561106524,0.4672771259833101,0.24122590950744105,46.87465588058464,8.154073240374354,,460.5402598716256
BGD,Bangladesh,104486886261.1,9292928000.0,77581679615.2,12945219000.0,,20730695000.0,20730695000.0,8596803872.8,5107969957.4,2710108231.1,South Asia,Lower middle income,22.2547977203389,12.3893,15.7658301164336,450119432068.852,2593.41611680774,173562364,21394795733.0405,0.12389324118293155,0.7425015941362519,0.08893870161637418,0.1984047543363147,23.213147182038853,8.22763906593755,0.20476058286948576,602.013500237298
BGR,Bulgaria,,,,,,,,7316588840.2,2247338948.5,334651946.2,Europe & Central Asia,High income,,,11.0918142755745,113349149166.793,17596.9167621233,6441421,43698277895.9665,,,,,,,,
BIH,Bosnia and Herzegovina,13888491676.4,5184457000.0,4927096260.9,3073363000.0,743296000.0,507750000.0,1251046000.0,1457074413.1,567793264.7,445184130.5,Europe & Central Asia,Upper middle income,49.1550732058777,22.1288,10.8351325250283,29737363103.0492,9397.90942855997,3164253,9418858050.22744,0.22128846469501132,0.35476107670297713,0.37329157987758177,0.09007788816447493,46.70384401021726,10.49123581631209,0.6781771750083143,4389.184959736152
BLR,Belarus,34217084774.6,6630416397.9,16325227185.2,9928836000.0,975447000.0,,975447000.0,5340316288.6,3561720094.9,476175144.7,Europe & Central Asia,Upper middle income,46.1452886653758,29.0171,10.4697875188332,78591839299.7087,8605.60954569694,9132629,8912194598.43984,0.2901718853433816,0.4771074827893734,0.1937750232545201,0.028507600995982367,43.53770706919545,15.607163274658104,0.26046037110255327,3746.685075524255
BLZ,Belize,1558943630.7,90167000.0,1398918336.4,13148000.0,40552000.0,,40552000.0,127493340.7,123939993.7,65085813.6,Latin America & Caribbean ,Upper middle income,46.0428964719523,0.8433,7.67121131772208,3203631800.0,7681.24400583113,417072,498087320.739572,0.008433916237302472,0.8973501728037818,0.05783852489875662,0.02601248640516351,48.661760402677984,8.17818798507504,0.31950309872071503,3737.828554062608
BOL,Bolivia,15717587538.6,1147910000.0,13420156636.5,635358000.0,925767000.0,700044000.0,1625811000.0,1835033911.1,1536743411.3,1095741740.0,Latin America & Caribbean ,Lower middle income,32.5376974869568,4.0423,17.787635656929,54881327452.9667,4421.16609889999,12413315,1977025889.30984,0.04042337912479619,0.8538305642352645,0.07303347267390163,0.10343896580866853,28.63922625062226,11.67503541235852,0.12578430910307103,1266.1877619797774
BRA,Brazil,605463780812.8,309245242000.0,194369174570.4,84282230000.0,15130827000.0,,15130827000.0,114112709865.3,41692900453.8,4958168123.0,Latin America & Caribbean ,Upper middle income,28.6612661075538,13.9202,26.7439339145718,2185821610689.31,10310.5486973693,211998573,329732443813.378,0.13920276104188428,0.32102527141998594,0.5107576238249234,0.024990474210840063,27.699597160715413,18.84715708545114,0.544594828398705,2855.9804542306993
BTN,Bhutan,3400087106.3,43858000.0,3322918899.6,0.0,,419599000.0,419599000.0,161369542.9,157867544.7,46798177.4,South Asia,Lower middle income,,0.0,16.5776241652416,3346603858.7495,4228.05102403654,791524,941017689.206037,0.0,0.9773040500765361,0.0128990812966926,0.12340830892906468,101.59813499917749,4.746041435262037,0.2767628180649935,4295.620987234753
BWA,Botswana,2317990593.0,,1851933959.3,144667000.0,678077000.0,0.0,678077000.0,275163872.5,253412900.6,250897133.2,Sub-Saharan Africa ,Upper middle income,11.9275332021357,6.241,4.71797953358513,19286251067.5078,7649.81663744354,2521139,3455661776.33964,0.062410520748821696,0.7989393765844329,,0.2925279343443824,12.018875959284783,11.87079332120482,1.4908006040987587,919.4219727670708
CAF,Central African Republic,1045905200.4,,438777675.7,126466537.1,,116762000.0,116762000.0,56507514.0,14067424.6,8221891.2,Sub-Saharan Africa ,Low income,35.8540712601052,12.0915,13.3966251157824,2751494281.06887,516.160999996036,5330690,489286576.286085,0.12091586986242506,0.4195195468310055,,0.11163726880346812,38.012261468110275,5.402737645667031,0.46781159143195805,196.20446891490596
CHN,China,2419835436491.8,562633647486.4,504112530899.5,1305871555000.0,14685262000.0,1421000.0,14686683000.0,352496730598.7,79274204382.3,5975220341.6,East Asia & Pacific,Upper middle income,13.0007522555005,53.9653,8.59286077464029,18729668435848.0,13293.1162269366,1408975000,3456024808739.12,0.5396530422305126,0.20832512959242644,0.23250905371568917,0.006069289993245278,12.919798579350772,14.566971178409492,1.428206545214312,1717.443841439202
CIV,Cote d'Ivoire,40560965965.1,239965437.0,31249010244.2,4284366000.0,161496000.0,4716407000.0,4877903000.0,5387511624.7,4350206790.0,660305060.0,Sub-Saharan Africa ,Lower middle income,48.8304044647452,10.5627,24.7283736134001,87113179149.284,2727.8935220697,31934230,,0.10562780984275401,0.7704207604692572,0.005916166720646501,0.12026101656940591,46.56122800384949,13.282503255311015,,1270.1407225131152
CMR,Cameroon,15770789430.1,271225000.0,12516539290.7,950896478.7,541936000.0,2323469000.0,2865405000.0,1675980009.5,1397091700.0,375847964.7,Sub-Saharan Africa ,Lower middle income,31.2876251648885,6.0294,,53296694320.2057,1830.00833684727,29123744,5061511549.89538,0.060294792655409296,0.7936533136896138,0.017197934269691167,0.18169065110533475,29.590558347482762,10.627115509520648,0.320942180626356,541.5096846785908
COD,"Congo, Dem. Rep.",12484889882.1,,7924885121.5,476015882.2,,3452865000.0,3452865000.0,471108569.1,386162036.6,105652832.0,Sub-Saharan Africa ,Low income,18.2538680171709,3.8127,1.32142230470742,75716176105.0704,692.887665085098,109276265,,0.03812735928752401,0.6347581113119924,,0.27656351258255685,16.489065513259508,3.773429910466763,,114.25070102917591
COG,"Congo, Rep.",6728317971.4,8247827.1,5334336291.0,656777369.7,221576000.0,523900000.0,745476000.0,1088175957.1,1045512956.9,111217353.9,Sub-Saharan Africa ,Lower middle income,44.8962409480798,9.7613,13.5644191652699,15719986076.6464,2482.2489948456,6332961,758550233.065437,0.09761390179414196,0.7928186975815672,0.0012258378892107899,0.11079678504624604,42.801042816415624,16.1730756739723,0.11273995020595037,1062.4284550939126
COL,Colombia,201763641280.4,70122417000.0,106624758600.1,19052808000.0,16238346000.0,,16238346000.0,33835565130.1,14871414482.9,2370479986.0,Latin America & Caribbean ,Upper middle income,49.2038699846531,9.4431,42.9975933296769,420504033143.211,7951.08624019412,52886363,61897968642.424,0.09443132508458973,0.5284636910964488,0.3475473408142339,0.08048202291032626,47.98138076637314,16.76990210692976,0.3067845536966773,3815.0409639702393
COM,Comoros,385570286.6,,323974704.0,0.0,,56828000.0,56828000.0,24644205.9,16161053.6,6195459.9,Sub-Saharan Africa ,Lower middle income,24.8117198831103,0.0,17.3446983217314,1610082688.26617,1857.87060684189,866628,323945586.380687,0.0,0.8402481084754833,,0.14738687594709482,23.94723509605611,6.391624758566134,0.8401725901580067,444.90864200095086
CPV,Cabo Verde,2359581722.2,,1845162809.0,388090000.0,34472000.0,581941000.0,616413000.0,152478862.1,128707507.3,65441405.1,Sub-Saharan Africa ,Upper middle income,86.8866144784781,16.4474,12.623937653653,2713721857.39153,5170.20531932535,524877,783105557.825454,0.1644740660383473,0.7819872444509479,,0.26123825006801454,86.95002090111272,6.462114054597503,0.3318832106799467,4495.494605783831
DJI,Djibouti,3457016382.4,10000000.0,2827914989.5,518113119.7,,295538000.0,295538000.0,139575529.8,109618322.4,51772298.1,"Middle East, North Africa, Afghanistan & Pakistan",Lower middle income,83.8288747209446,14.9872,2.52675252956975,4152145939.98458,3552.72335079222,1168722,348725427.269846,0.14987291420942153,0.8180218652989858,0.002892667807682646,0.08548932585469138,83.25854708307384,4.037456417927099,0.10087468171838596,2957.945843750695
DMA,Dominica,569530343.0,16646000.0,339607059.4,173670714.9,,166614000.0,166614000.0,65938110.8,52260389.9,15762808.6,Latin America & Caribbean ,Upper middle income,82.3567303337689,30.4936,29.4152919032151,688881481.481481,10405.2787777582,66205,155971242.017246,0.3049367202898968,0.5962931801159539,0.029227591127660078,0.29254630951243277,82.67464844245643,11.57762911325692,0.27385940702591505,8602.527648969111
DOM,Dominican Republic,53293949023.3,8215900000.0,39905568368.0,4147766000.0,1929510000.0,,1929510000.0,6610298879.8,4255734801.4,1046086287.4,Latin America & Caribbean ,Upper middle income,45.3336943010045,7.7828,22.0407214085418,124282245638.568,10875.6618443092,11427557,13471257812.8679,0.07782808510186785,0.7487823495788118,0.15416196680054664,0.03620504832840258,42.88138563112792,12.403469814012077,0.2527727454945832,4663.634495395648
DZA,Algeria,6898271361.0,278340000.0,851551211.0,1756000000.0,,,,444971156.5,103536651.9,78492391.8,"Middle East, North Africa, Afghanistan & Pakistan",Upper middle income,2.66774817396092,25.4556,0.797700031642401,269322281664.773,5752.99076651465,46814308,83007108429.3211,0.2545565270058387,0.12344414512515725,0.0403492390243765,,2.5613444674385755,6.45047336084348,12.033030318089441,147.35391071037512
ECU,Ecuador,60364730466.4,9062644000.0,40755126856.7,626221000.0,6284835000.0,,6284835000.0,8492825323.0,4507482701.3,1765284797.5,Latin America & Caribbean ,Upper middle income,49.7486298154549,1.0373,21.8576635137655,123802374000.0,6826.5294137822,18135478,6907743954.50087,0.01037395504231672,0.6751479968818045,0.15013144148874177,0.10411435537674175,48.758944207645,14.069184534381787,0.11443344318990761,3328.5436681845385
EGY,"Egypt, Arab Rep.",155972716013.2,2932893000.0,106926880074.6,30995280000.0,12194251000.0,100810000.0,12295061000.0,32908571511.3,24265826532.7,7835647976.0,"Middle East, North Africa, Afghanistan & Pakistan",Lower middle income,41.9820138564051,19.8722,49.2291017973666,389059910593.1,3338.47371043679,116538258,44921341018.4659,0.19872244833754682,0.6855486190645725,0.01880388490350959,0.07882828044719992,40.08963960728526,21.098928294942905,0.2880076860023659,1338.3820788980731
ERI,Eritrea,693278616.9,,607189471.2,46446061.3,,407398000.0,407398000.0,21215212.6,19661959.3,5349811.7,Sub-Saharan Africa ,Low income,,6.6994,,,,3535603,,0.06699479858138979,0.8758231631534402,,0.5876396445366842,,3.060127931662449,,196.08497246438583
ETH,Ethiopia,36548259483.3,,33950250175.6,351666101.2,,12761932000.0,12761932000.0,1357289049.9,1086537219.0,495439590.6,Sub-Saharan Africa ,Low income,,0.9621,11.538041500051,149740297952.375,1133.88279681256,132059767,3784387425.19121,0.009621965756281412,0.9289156489411728,,0.3491802942307365,24.40776463188567,3.7136899789172895,0.10354494245944626,276.75544424745203
FJI,Fiji,3868919895.3,909103000.0,1696015741.5,1053306000.0,183012000.0,391688000.0,574700000.0,244220451.9,162674606.4,114133000.0,East Asia & Pacific,Upper middle income,71.3867600808353,27.2248,9.53539168749024,5968125909.27126,6425.74151715712,928784,1599606710.18293,0.2722480765961492,0.43836930910881244,0.2349759169489104,0.14854274979902038,64.82637856701008,6.312367754025646,0.41345045994003315,4165.575521649814
GAB,Gabon,6816627454.3,,5551434903.9,152095387.1,619906000.0,,619906000.0,1124160018.1,827395457.8,226816557.5,Sub-Saharan Africa ,Upper middle income,35.9523010976641,2.2312,,20895684425.6752,8230.04311451151,2538952,638788434.429856,0.02231241007663645,0.8143961131978976,,0.0909402786283937,32.622178414621295,16.49143987458003,0.09371033384359322,2684.819348416197
GEO,Georgia,25163122115.7,9473986000.0,9980159290.2,4731048000.0,1635744000.0,479504000.0,2115248000.0,4808248488.6,810100404.3,556794685.9,Europe & Central Asia,Upper middle income,79.6767852223944,18.8015,26.5628823310302,34189423333.141,8967.67525638987,3812518,4447216641.42079,0.18801514288436258,0.39661848177309805,0.3765028026505863,0.08406142887492628,73.59914167171257,19.108314407455804,0.17673548699451896,6600.132016609496
GHA,Ghana,37414621429.7,4547811000.0,25584060934.2,2619647898.2,,6372715000.0,6372715000.0,2729878836.7,845828109.0,290369001.1,Sub-Saharan Africa ,Lower middle income,46.9171668170777,7.0016,9.43593175956357,83288585604.0268,2419.2518672482,34427414,4472457558.56406,0.0700166886125568,0.6837984712011863,0.1215517042861194,0.17032686036858555,44.92166742700826,7.296288810055959,0.11953769375877718,1086.7682780269236
GIN,Guinea,5388299536.1,75000000.0,4093001848.4,377760206.9,,700201000.0,700201000.0,438622364.9,333344595.6,89158926.4,Sub-Saharan Africa ,Lower middle income,23.1973863712568,7.0107,3.729306337627,25008678293.4073,1694.95375862185,14754785,1345598715.8962,0.07010749947532041,0.7596091904279092,0.01391904802201926,0.12994841792087877,21.545718941574155,8.140274347433007,0.24972604193235542,365.1899730223111
GMB,"Gambia, The",1642671191.3,300000000.0,1009688794.9,61554160.3,,122358000.0,122358000.0,77135850.4,48337440.3,33599150.6,Sub-Saharan Africa ,Low income,66.3566127091875,3.7471,8.14420595794985,2404888737.54853,871.340287547821,2759988,628849157.476695,0.03747199112397315,0.6146627518931153,0.18262936708750693,0.07448721366031058,68.30549645196845,4.695757179436207,0.38282107874493587,595.1733091955472
GNB,Guinea-Bissau,1433190116.5,0.0,1310171789.4,817000.0,,215294000.0,215294000.0,39159349.3,31588821.3,14910541.2,Sub-Saharan Africa ,Low income,67.1110649067659,0.057,13.2574468326414,2197777209.94218,998.376093392688,2201352,,0.0005700569593622369,0.9141646836077663,0.0,0.15022012608192586,65.21089171443838,2.732320635564472,,651.0499531651458
GRD,Grenada,863278627.6,,786986207.4,15671026.1,13003000.0,259989000.0,272992000.0,43225655.0,37997815.5,23506168.7,Latin America & Caribbean ,Upper middle income,68.5938767489392,1.8152,4.85035125902098,1351270370.37037,11528.9220811928,117207,423263143.568031,0.018152917956010334,0.911624801355154,,0.31622698775590535,63.886446896884436,5.007149907113025,0.4902972574969734,7365.418683184452
GTM,Guatemala,27058876458.5,12448523000.0,13641907785.6,170700000.0,1920887000.0,,1920887000.0,1956998468.8,1137807561.7,654838686.4,Latin America & Caribbean ,Upper middle income,24.2444913245727,0.6308,9.56215520029921,113215575150.885,6150.89465281457,18406359,24412418011.7846,0.006308465921037089,0.5041564754738613,0.46005321097098056,0.07098916331378541,23.900312675564308,7.232371498504138,0.9021962921936447,1470.0830543672434
GUY,Guyana,3681569057.1,1089618000.0,2187409360.2,63729586.2,,185972000.0,185972000.0,599435184.9,122217517.2,71422801.5,Latin America & Caribbean ,High income,22.6406371146813,1.731,2.88572767868533,24662714628.2974,29675.2501582835,831087,1009772163.61402,0.01731044161105599,0.5941513866164007,0.2959656557028705,0.05051433155690731,14.92767163950337,16.28205734030641,0.27427766475455584,4429.823901829772
HND,Honduras,14299817842.8,1891200000.0,9565004967.4,1761202000.0,,1114159000.0,1114159000.0,1787447273.7,923896105.2,533212878.2,Latin America & Caribbean ,Lower middle income,41.8233168617746,12.3162,18.1160284769388,36980171442.0603,3415.96027916712,10825703,8036257488.95927,0.12316254789824266,0.6688899867501464,0.1322534329311212,0.07791420927511901,38.66887925385806,12.499790510268527,0.5619832068703973,1320.9135557108855
HTI,Haiti,944741012.3,5697000.0,250601499.5,129224000.0,,,,543003063.0,512090000.0,4165000.0,Latin America & Caribbean ,Lower middle income,3.74484478267583,13.6782,63.162658981726,24255657481.2502,2060.35591768638,11772557,2714226653.6402,0.1367824602907842,0.26525946924851207,0.00603022407816348,,3.894930545709972,57.47639362856101,2.872984890358824,80.24943198830975
IDN,Indonesia,421059208493.8,102046544757.3,245496602121.5,65123015000.0,21495586000.0,72671000.0,21568257000.0,76758123088.1,38206573831.4,4877949863.5,East Asia & Pacific,Upper middle income,30.9729980083421,15.4664,24.6905963826299,1396301788461.69,4925.43644992666,283487931,155708275547.574,0.15466474473496505,0.5830453227698852,0.2423567581441521,0.051223810250233696,30.15531541771369,18.229769481274808,0.3698013780640705,1485.2808971744198
IND,India,716456023890.4,316357573000.0,238949800499.3,139568064000.0,24051551000.0,14688140000.0,38739691000.0,91617460130.9,26787302732.6,10463470742.2,South Asia,Lower middle income,18.5795533694083,19.4803,10.493447761841,3760813470500.86,2591.9916607122,1450935791,643042560625.541,0.19480339245685574,0.3335163534557054,0.4415589547034011,0.054071275428240674,19.050559925669045,12.787590176632417,0.8975324921322883,493.78892459232196
IRN,"Iran, Islamic Rep.",9654298895.5,727358000.0,323488047.1,2284966218.4,124094000.0,,124094000.0,362016236.0,76467184.6,10799287.5,"Middle East, North Africa, Afghanistan & Pakistan",Upper middle income,2.21280566524888,23.6678,0.284993582584259,475252089215.416,5190.16959024821,91567738,,0.23667862815652557,0.033507150607361265,0.07534032329774164,0.01285375575618877,2.0314058821788845,3.749793122406234,,105.43341035136196
IRQ,Iraq,17517006333.0,300000000.0,12931630316.7,726167000.0,2809857000.0,203054000.0,3012911000.0,3422697948.3,3244531323.1,565878000.0,"Middle East, North Africa, Afghanistan & Pakistan",Upper middle income,6.22639916968424,4.1454,2.95676245098624,279641257615.385,6073.61032342708,46042015,100690954781.588,0.041454971597057994,0.7382328961278226,0.017126214051474933,0.17199919568014466,6.26409939734024,19.539285898709963,5.7481828154561985,380.45698766659103
JAM,Jamaica,14836981078.4,2750548000.0,7944015967.4,2399479000.0,965843000.0,,965843000.0,2450592727.9,1119664983.2,398060327.2,Latin America & Caribbean ,Upper middle income,76.0700580586773,16.1722,31.8505046193829,22014429050.9995,7753.8119527678,2839175,5632916052.14541,0.16172285907226866,0.5354199702367398,0.1853846133162701,0.06509700288059916,67.39661993517097,16.51678811849148,0.3796537868708299,5225.807172294769
JOR,Jordan,46966040104.7,2709577000.0,23707731206.0,17898373000.8,5228000000.0,194032000.0,5422032000.0,4505628874.5,2072618008.6,794418381.2,"Middle East, North Africa, Afghanistan & Pakistan",Upper middle income,90.1349716229773,38.1091,18.1501287979427,58618380563.3803,5073.92103605892,11552876,21939099361.5116,0.3810918050765977,0.5047845454534609,0.05769226006620146,0.11544579845166476,80.12169502690138,9.5933761169895,0.4671268710882037,4065.3115384169273
KAZ,Kazakhstan,167535209792.2,112012898557.1,34031829383.1,19594364000.0,3831067000.0,,3831067000.0,46332862901.6,5552006344.8,1693455380.3,Europe & Central Asia,Upper middle income,62.6029318152699,11.6956,48.4343756201676,291480274648.826,14154.6324958076,20592571,45807523139.2563,0.11695669241291785,0.20313240079688866,0.6685931792847226,0.022867234921852015,57.47737475341878,27.655597267624117,0.2734202750339647,8135.711164584549
KEN,Kenya,42886127218.3,337611692.6,35582544109.4,2007772843.5,1947156000.0,11872969000.0,13820125000.0,5669589267.3,5289139273.0,1370259641.6,Sub-Saharan Africa ,Lower middle income,34.992669732423,4.6816,27.2238636965006,120397537849.826,2133.46193404026,56432944,10066607177.351,0.046816371020866165,0.829698236174996,0.00787228212240944,0.32225164397923983,35.62043542102384,13.220100846225913,0.2347287533357748,759.948430446939
KGZ,Kyrgyz Republic,11689916629.6,5409712000.0,4216586368.2,1597664000.0,,749695000.0,749695000.0,817340885.3,287965917.5,131981684.6,Europe & Central Asia,Lower middle income,69.2449937236268,13.667,13.953203049199,18161630698.9052,2514.81066933171,7221868,5088723593.73523,0.136670264692441,0.3607028605767123,0.4627673722070939,0.06413176618400337,64.36600778532888,6.991845290242821,0.4353088011637388,1618.6832312083245
KHM,Cambodia,20977325204.1,4434635000.0,11917966029.0,4296540000.0,,1654182000.0,1654182000.0,3408104131.7,544261646.5,158639791.2,East Asia & Pacific,Lower middle income,46.1114046291379,20.4818,10.5425721165318,46352647037.2406,2627.87969756224,17638801,22505568572.5432,0.20481829585977174,0.5681356375535735,0.21140135631463894,0.07885571606034365,45.25593799906705,16.246609606042096,1.0728521560100766,1189.2716066188398
LAO,Lao PDR,17836681019.8,6516761611.6,10024589005.6,1096995000.0,,886793000.0,886793000.0,2139107053.7,820712717.9,138510554.7,East Asia & Pacific,Lower middle income,115.404417712173,6.1502,19.0423898045972,16502933121.3379,2123.97909415109,7769819,2213001000.16953,0.061502193080778686,0.5620209833024421,0.36535729962126506,0.04971737729769322,108.08188392121396,11.99274153821239,0.12407022347447598,2295.636619051229
LBN,Lebanon,67389006707.2,13572106000.0,33728240178.5,19044742491.0,1118759000.0,87784000.0,1206543000.0,2487164872.3,176463191.8,176403668.3,"Middle East, North Africa, Afghanistan & Pakistan",Lower middle income,,28.2609,21.04734596175,25971643441.3408,4473.27134441128,5805962,33301277509.6206,0.28260903998404263,0.5005006280185519,0.2013994071610188,0.017904151714868505,259.4714764947543,3.6907575787643503,0.494164836919352,11606.863204960693
LBR,Liberia,2234742478.9,145759853.5,1408536037.6,0.0,,929174000.0,929174000.0,138273037.3,34820816.5,31947708.4,Sub-Saharan Africa ,Low income,50.457044003161,0.0,9.14927792628863,4779300900.0,851.497723870206,5612817,367711666.748042,0.0,0.6302900897526765,0.06522445197880111,0.4157857152549247,46.75877342018788,6.187426005705216,0.1645431946722736,398.14989138252685
LCA,St. Lucia,1193706001.5,,1040522086.0,79529000.0,2480000.0,226443000.0,228923000.0,78644489.1,71888273.8,27322755.5,Latin America & Caribbean ,Upper middle income,51.3109697332727,6.6623,4.74628702405992,2605148148.14815,14493.658470648,179744,406063791.484465,0.06662360740422231,0.8716736656199178,,0.191775026440629,45.82104101636358,6.588262855441461,0.3401706877356811,6641.145192607264
LKA,Sri Lanka,56827528393.8,8569475000.0,39541858681.4,5817999373.9,1052439000.0,3566305000.0,4618744000.0,4810129289.0,2719569468.5,1031848727.3,South Asia,Upper middle income,58.8897020425324,10.2379,23.7051670387884,99616111265.7633,4545.36006870612,21916000,6093946546.37437,0.1023799475068276,0.6958222502197385,0.15079795377718638,0.08127652443360381,57.04652357106299,8.464435151335554,0.10723581895283046,2592.9699029841213
LSO,Lesotho,1773147342.7,608521000.0,1016058492.6,3237695.3,,504651000.0,504651000.0,110035590.7,77325670.4,51916535.9,Sub-Saharan Africa ,Lower middle income,65.3503315479921,0.1825,6.88637904028134,2391282547.80028,1023.04227681523,2337423,1007862057.19677,0.0018259595364871985,0.573025415390935,0.3431869339596986,0.2846074817626604,74.15047395093912,6.20566537535719,0.5684028805311138,758.59069697697
MAR,Morocco,67993946129.4,11477469444.3,45727304918.4,7504234000.0,10202335000.0,98000.0,10202433000.0,8901883062.4,6065613761.1,2381232110.2,"Middle East, North Africa, Afghanistan & Pakistan",Lower middle income,44.7188367863758,11.0366,12.9254798325863,160610994054.734,4153.1943359375,38081173,37133907722.7893,0.11036620798149607,0.6725202392485925,0.1688013433204348,0.15004913791271418,42.33455283031783,13.092170066815553,0.5461354993593013,1785.5003082336775
MDA,Moldova,10491120731.8,3978871000.0,2913711066.0,2234526000.0,291099000.0,792251000.0,1083350000.0,1138740240.9,340746466.2,324269389.6,Europe & Central Asia,Upper middle income,57.1465378506246,21.2992,16.6185835066351,18206842140.7615,7578.90216348853,2402306,5483515866.86942,0.21299211563039694,0.2777311538478582,0.37926081509475973,0.10326351470879754,57.621858039360184,10.854324051846293,0.5226816092439147,4367.104245587365
MDG,Madagascar,6653640488.3,489332000.0,4765753163.0,101609087.0,,2649927000.0,2649927000.0,292377244.5,198089071.8,147872828.5,Sub-Saharan Africa ,Low income,39.2117046150763,1.5271,7.17223697747634,17592832696.1336,550.37875528856,31964956,2784591092.62259,0.015271201859895054,0.7162624989102239,0.07354349860958959,0.3982672350061183,37.82017713248805,4.39424469978693,0.4185063947352002,208.15422014971645
MDV,Maldives,4692462747.8,352727000.0,4115745282.8,159814000.0,,93268000.0,93268000.0,501515781.8,426940664.7,103328229.8,South Asia,Upper middle income,75.5586486708217,3.4057,9.18470294592451,7061608267.25451,13379.3513577224,527799,673885912.694607,0.03405759589139556,0.8770970605423801,0.07516884394348607,0.019876130086216984,66.4503406335847,10.687688080957683,0.14361028502795245,8890.624551770656
MEX,Mexico,591255026725.0,225756760501.6,289465037750.7,61174418000.0,14264951000.0,,14264951000.0,67011170401.6,38813757614.6,4032388000.0,Latin America & Caribbean ,Upper middle income,32.8920519832698,10.3465,9.51997025016336,1830489311088.89,13988.0423745241,130861007,232035392464.815,0.10346536644068648,0.48957729687993634,0.3818263698358412,0.02412656189836472,32.30038127746752,11.333716818067362,0.3924455302309633,4518.191020224994
MKD,North Macedonia,12837215392.3,3337703000.0,5748042031.9,3179473000.0,660639000.0,120789000.0,781428000.0,1543173249.9,639461380.3,305308048.0,Europe & Central Asia,Upper middle income,81.1537085602971,24.7676,14.4210946901678,16951682221.3962,9291.8566035502,1824359,5251936213.50666,0.24767622127047173,0.4477639313700214,0.26000210310423055,0.060872079817926486,75.72826829007583,12.021090265616515,0.4091180254447448,7036.562097865606
MLI,Mali,6439962214.4,,5618291338.5,41800976.4,,2189934000.0,2189934000.0,368954004.5,304964815.9,180865589.1,Sub-Saharan Africa ,Low income,24.9435630803084,0.649,6.16273727116764,26761281076.7658,1093.2523323649,24478595,,0.006490872928808717,0.8724106060649374,,0.3400538585619687,24.06447656943893,5.729133063467436,,263.0854513667962
MMR,Myanmar,11174807782.3,483586000.0,9239552754.5,63958931.7,,1445645000.0,1445645000.0,953351322.9,660985562.3,131570256.9,East Asia & Pacific,Lower middle income,15.2759866470065,0.5723,7.38528231051686,74068349523.8095,1359.05001560107,54500091,,0.005723492783590052,0.8268198374861276,0.0432746593427729,0.12936643100830655,15.087156463109556,8.531254778359877,,205.04200226564757
MNE,Montenegro,8741348456.1,3864380566.3,4512733634.4,235211000.0,264050000.0,3849000.0,267899000.0,1235869350.8,456282280.3,82794531.6,Europe & Central Asia,Upper middle income,108.635519944661,2.6907,29.801351346243,8274290505.96367,13270.1824401005,623525,1741494536.63686,0.02690786223444302,0.5162514292918807,0.44208059954449114,0.030647331054861594,105.64468880805792,14.138200267460677,0.19922493027052224,14019.24294310573
MNG,Mongolia,38016581521.2,25517882000.0,9862733926.0,2348117000.0,42274000.0,761321000.0,803595000.0,5419242754.0,1358673167.6,317411803.4,East Asia & Pacific,Upper middle income,181.85657688514,6.1765,32.0417230045509,23794540024.5132,6750.6301157724,3524788,5507944030.50837,0.06176560085210632,0.25943242478285516,0.6712303152709803,0.021138013147023075,159.77018879976336,14.254944913913294,0.1448826751410265,10785.494481143262
MOZ,Mozambique,69765373429.6,58255298440.4,9150147490.4,1211768676.1,,2922510000.0,2922510000.0,4539290211.5,948857105.7,171359868.5,Sub-Saharan Africa ,Low income,350.573066715697,1.7369,46.5096494923949,22752244245.473,656.976148587772,34631766,3842807100.82527,0.017369199310927383,0.13115600247783926,0.8350173671640304,0.04189055195051876,306.63073355271837,6.506508871597429,0.05508186815201432,2014.4907836810864
MRT,Mauritania,4459916731.6,,3607484340.5,213336000.0,,450760000.0,450760000.0,412816512.3,373329776.8,222122282.3,Sub-Saharan Africa ,Lower middle income,41.8283000583246,4.7834,9.67472381178827,10879212033.4823,2104.54260769051,5169395,,0.047834076920863375,0.8088680927470614,,0.10106915153958251,40.9948507104557,9.256148424813787,,862.7541001606571
MUS,Mauritius,20364236675.8,5505462000.0,3399296502.2,11155487000.0,92941000.0,0.0,92941000.0,1657676482.1,1025701879.6,87942385.1,Sub-Saharan Africa ,Upper middle income,123.165055468656,54.7797,8.48229754247703,14938055690.3609,11990.9355434317,1245779,8506134285.10038,0.5477979448773894,0.16692481806792103,0.27034953912819426,0.004563932421314233,136.324546499987,8.14013561367568,0.41769963787588027,16346.588500689126
MWI,Malawi,3743648285.8,,3003754814.0,75414708.3,,1701516000.0,1701516000.0,163792655.5,118637836.7,84225616.6,Sub-Saharan Africa ,Low income,35.2492254102013,2.0144,10.5586545915916,11311971400.3864,522.365366146003,21655286,,0.020144709797139563,0.8023603139732748,,0.4545074403634566,33.094569932099745,4.375214843800378,,172.87457140025765
NER,Niger,5308857136.5,,4527618636.5,29661801.3,,2432038000.0,2432038000.0,380821558.1,335921741.1,225036029.9,Sub-Saharan Africa ,Low income,27.5138701036448,0.5587,18.9689773253997,19729786046.7618,729.856664168989,27032412,,0.005587229141290342,0.852842432954402,,0.4581095210264753,26.90782922793696,7.173324659308244,,196.38858480330944
NGA,Nigeria,108757630161.5,30285883573.0,50191529194.9,22227040000.0,1243027000.0,16600059000.0,17843086000.0,13457783541.5,3859888448.5,1256020807.8,Sub-Saharan Africa ,Lower middle income,60.0447244122839,20.4372,21.9135766141912,252261880140.271,1084.16041805058,232679478,40405994024.7986,0.20437223546517044,0.46149892306744755,0.2784713452106935,0.16406284297941995,43.112986433394134,12.374105174520464,0.3715233033746468,467.41393395037613
NIC,Nicaragua,15490530047.6,6337877000.0,7206043639.9,1346178000.0,,973948000.0,973948000.0,1821046871.8,636955351.8,569516255.5,Latin America & Caribbean ,Lower middle income,82.8145487130702,8.6903,21.3938317535199,19696311850.3289,2847.87639497305,6916140,6104867094.02533,0.0869032883873827,0.4651902560956238,0.40914526362394865,0.06287376848998766,78.64685614906799,11.75587191790213,0.39410317628034797,2239.765251657717
NPL,Nepal,10152157325.7,114035000.0,8870826934.3,422881000.0,,4531123000.0,4531123000.0,536987093.3,383868031.5,308517390.7,South Asia,Lower middle income,23.2748414884129,4.1654,12.3916778046586,43298911699.9284,1460.28237984149,29651054,15846781298.75,0.041654299321138816,0.8737873783578651,0.011232587945748485,0.4463211960407218,23.446680129183914,5.289389004449595,1.5609274748564193,342.38773858426754
PAK,Pakistan,129717513746.7,18232066000.0,89555608082.9,9609166000.0,2619797000.0,17564370000.0,20184167000.0,16306874625.0,11216275984.5,3267560937.4,"Middle East, North Africa, Afghanistan & Pakistan",Lower middle income,35.6282760521045,7.4077,39.5425844195386,371747087751.306,1479.47755241191,251269164,18407745860.6666,0.07407763009368083,0.6903894894083127,0.1405520771512923,0.1556009394337739,34.89402285068588,12.571066276248951,0.14190640360723758,516.2492352093789
PER,Peru,93268743431.7,32967694609.3,47363103411.9,10474499000.0,5750082000.0,,5750082000.0,15228701562.2,4736437168.0,1497602810.9,Latin America & Caribbean ,Upper middle income,34.2282212044217,11.2304,17.1119312052217,291751523018.903,8526.29665719783,34217848,79246042707.9259,0.11230449360208651,0.5078132466380192,0.35346991281641954,0.061650685840007505,31.968554085545247,16.327765339040795,0.8496527324393213,2725.7337583503204
PHL,Philippines,137018240525.2,31917725000.0,80508809537.2,20945356000.0,14594599000.0,8881000.0,14603480000.0,18002693022.8,9672547895.6,3213565947.4,East Asia & Pacific,Upper middle income,26.2604550502335,15.2865,14.4330389093768,461671157904.74,3985.29464669706,115843670,106195050244.098,0.15286545732681328,0.587577312543238,0.23294507999560676,0.10658055412201976,29.678752544786864,13.138902494875488,0.7750431609473698,1182.7857363738563
PNG,Papua New Guinea,12854160687.9,4225656000.0,7252683039.9,121139804.7,3099000.0,580779000.0,583878000.0,5882895655.1,623357879.4,324049060.5,East Asia & Pacific,Lower middle income,41.8854823852824,0.9424,43.3382712553473,30803971189.4102,2912.4914068385,10576502,3708907022.18138,0.009424170713380958,0.5642284405801122,0.32873838304960157,0.045423269101468565,41.72890764265813,45.76647046771201,0.28853747142531705,1215.3508492599915
PRY,Paraguay,29963457224.3,10283927000.0,15744379340.9,3559265376.0,1133716000.0,300000.0,1134016000.0,1969086344.7,1442778645.3,836444892.5,Latin America & Caribbean ,Upper middle income,69.740945590813,11.8786,11.0611568256561,44738819362.3269,6456.60723068562,6929153,9567715594.05829,0.1187868726013859,0.5254526946954405,0.34321563506563124,0.03784663403528505,66.97417958581904,6.57162599749369,0.31931280567647546,4324.259721830359
RUS,Russian Federation,,,,,,,,56854352461.3,20094223067.1,3312512.5,Europe & Central Asia,High income,,,11.3520494753528,2186462268813.08,14961.8974609375,143669648,608360767884.902,,,,,,,,
RWA,Rwanda,13050400791.1,3101796000.0,8345599359.8,500836916.3,,3720784000.0,3720784000.0,430147509.0,244847598.5,145066285.7,Sub-Saharan Africa ,Low income,93.8824280218587,3.8377,7.97435072087266,15111064181.9687,1059.93709298801,14256567,2406465191.3504,0.03837712912553279,0.6394898894976053,0.23767821767706446,0.2851087916424351,86.3632146217234,3.296048266144809,0.184397799720568,915.3957464724853
SDN,Sudan,22020660462.5,,14950741401.7,4735902795.6,,217938000.0,217938000.0,200686054.8,154108527.8,78837984.6,Sub-Saharan Africa ,Low income,45.3986291468877,21.5066,,49672435513.1126,984.607666015625,50448963,,0.2150663375272049,0.6789415525097582,,0.009896978356808903,44.331751070846835,0.9113534770755743,,436.4938177718341
SEN,Senegal,47146494529.5,15448458000.0,25093882284.9,4570012000.0,,4421809000.0,4421809000.0,3438123718.1,1904940755.5,525647658.7,Sub-Saharan Africa ,Lower middle income,150.690164087921,9.6932,41.8050042927812,32169996051.8502,1738.73223822106,18501984,,0.09693216951984629,0.5322534058009026,0.32766928176035987,0.09378871205860773,146.5542440649086,7.292427045554223,,2548.1858880377367
SLB,Solomon Islands,596145038.0,229495000.0,284840422.2,29193000.0,,124634000.0,124634000.0,25978065.4,6927801.1,5402122.9,East Asia & Pacific,Lower middle income,33.8252498362145,4.8969,3.64953428942652,1583964703.75061,1933.55538435227,819198,685807870.563439,0.04896962675046202,0.4778038967758715,0.38496504268479714,0.2090665728228371,37.63625771384998,4.357675354835378,1.1504043929716294,727.7178874948426
SLE,Sierra Leone,2329744049.4,,1314090731.4,173895709.7,,463025000.0,463025000.0,153801665.5,67722872.2,48356732.2,Sub-Saharan Africa ,Low income,31.1262398944279,7.4641,9.48961863622453,6971127234.07241,806.654650274255,8642022,433270129.080483,0.07464155118017574,0.5640493992198111,,0.1987450081133363,33.4199042876887,6.60165504187509,0.1859732742710801,269.5832120538457
SLV,El Salvador,24961880871.3,7516712000.0,14129801093.0,2649118000.0,918459000.0,360000.0,918819000.0,11577044809.4,3060370769.3,748670869.3,Latin America & Caribbean ,Upper middle income,75.3936981274716,10.6126,96.1985835283834,34879730000.0,5503.10317151907,6338193,3704746691.22734,0.10612653804649119,0.5660551448767542,0.30112762891366746,0.03680888490483964,71.56557941044842,46.37889616207064,0.148416167448619,3938.327670252389
SOM,"Somalia, Fed. Rep.",1799443760.8,,663722400.9,752004524.0,,0.0,0.0,16298027.9,5397376.3,1663441.0,Sub-Saharan Africa ,Low income,14.918886594174,41.7909,0.656954967744848,11967000000.0,629.538899449007,19009151,,0.4179094342274262,0.3688486494320451,,0.0,15.036715641347037,0.9057258834671328,,94.6619741618129
SRB,Serbia,51983619466.8,20374633000.0,27971257267.7,1000649000.0,2307209000.0,9974000.0,2317183000.0,10326404217.2,4262461379.8,799098561.5,Europe & Central Asia,Upper middle income,62.2479849600107,1.9249,20.9665816770936,90088366320.4062,13677.7794863909,6586476,30484164151.2486,0.01924931373120483,0.5380782937895311,0.39194333155298117,0.044575253200287414,57.70292168682054,19.864727241232384,0.5864186538745672,7892.478385528165
STP,Sao Tome and Principe,326406625.8,,254540060.2,7948319.2,,8967000.0,8967000.0,5221644.2,3049088.5,2510129.6,Sub-Saharan Africa ,Lower middle income,42.7472134373302,2.435,3.46661642028318,824992558.045383,3502.6176807171,235536,58787511.7763146,0.02435097382143889,0.7798250405491615,,0.02747186880175151,39.564796387174724,1.5997359695754068,0.1801051422661243,1385.8035535969025
SWZ,Eswatini,1238600512.2,102340000.0,866919775.3,69859000.0,221826000.0,0.0,221826000.0,207103549.4,94484836.7,61345712.2,Sub-Saharan Africa ,Lower middle income,27.7538826674716,5.6401,7.67187532890614,4858885840.77236,3909.55892378182,1242822,536572585.913259,0.05640155910796175,0.6999187928319023,0.08262551080188388,0.1790940644824965,25.4914511842722,16.72077052770978,0.4332087550651822,996.6033045761984
SYR,Syrian Arab Republic,4756737935.6,,3409607147.6,616052477.3,,14052000.0,14052000.0,28706583.0,0.0,0.0,"Middle East, North Africa, Afghanistan & Pakistan",Low income,,12.9511,,,,24672760,,0.12951154460063669,0.7167952478697825,,0.0029541253250117347,,0.6034930531942168,,192.79310201209756
TCD,Chad,3348359914.3,,2443737367.0,29493438.0,,139732000.0,139732000.0,365919510.1,292977675.5,55831086.2,Sub-Saharan Africa ,Low income,16.4018679739397,0.8808,,19906706689.7582,980.668312111718,20299123,1547604928.86707,0.008808323703207941,0.7298311500395804,,0.0417314755809971,16.820260460373877,10.928320714187567,0.4621979023992134,164.9509643495436
TGO,Togo,4294139883.4,1050000000.0,2421382373.6,146089000.0,,796080000.0,796080000.0,343216580.7,229503195.8,77652984.7,Sub-Saharan Africa ,Lower middle income,43.1643453395059,3.402,13.8240839508821,10643440332.2445,1266.08777721447,8406558,,0.034020549857898465,0.5638806464969663,0.24451928174464463,0.18538753315359685,40.34541228545082,7.992673504344462,,510.808333612877
THA,Thailand,191827376401.5,86127703817.7,31027531197.9,69392055000.0,499600000.0,,499600000.0,17993023670.2,3504253647.4,805916000.0,East Asia & Pacific,Upper middle income,37.4891208226563,36.1742,4.68434832872581,529385520941.539,7386.63615126055,71668011,236933974075.014,0.36174218874140524,0.16174714881654076,0.4489854651268979,0.0026044249229282236,36.23585625468662,9.379799696858756,1.2351416076248922,2676.6108578274902
TJK,Tajikistan,6977429758.2,2604590000.0,2995608794.9,871155000.0,,369363000.0,369363000.0,573621878.2,274958442.6,129709659.3,Europe & Central Asia,Lower middle income,37.3947720942707,12.4853,8.76434765128616,14425113699.7925,1362.02559981695,10590927,3630709354.49572,0.12485328124961818,0.4293284058330372,0.3732878854049429,0.05293682814447799,48.37001567828452,8.221105737766395,0.5203505417204445,658.811996173706
TKM,Turkmenistan,3320400762.0,7916418.0,2892288636.7,30905000.0,20000000.0,,20000000.0,974098685.6,948800505.0,148119314.2,Europe & Central Asia,Upper middle income,5.21661265138383,0.9307,,44249447717.2312,5904.25772576512,7494498,,0.009307611404529608,0.8710661284627184,0.0023841754557457845,0.006023369295925972,7.5038241905717635,29.336780570224434,,443.04511949966496
TLS,Timor-Leste,296673869.1,,253333269.4,1264000.0,12660000.0,45137000.0,57797000.0,26056094.0,24328255.9,22795000.0,East Asia & Pacific,Lower middle income,15.365375502464,0.426,3.0506475146491,1865608515.41321,1331.9705130185,1400638,780435177.882018,0.004260570719741895,0.853911637612441,,0.19481661858300817,15.902257448384896,8.782739807535007,2.6306165091302876,211.81338011677536
TON,Tonga,173176112.1,,129346755.5,0.0,,40235000.0,40235000.0,43961974.4,42950368.4,5966203.0,East Asia & Pacific,Upper middle income,,0.0,22.8214980370372,647488243.847291,6215.38990974121,104175,377298748.746431,0.0,0.7469087620197243,,0.2323357391045159,26.745831101273755,25.385703528564203,2.1786997304140945,1662.3576875449965
TUN,Tunisia,40459855368.3,1686252000.0,20816257886.5,15929973000.0,4326806000.0,,4326806000.0,5506873132.5,3406188062.0,1245675152.4,"Middle East, North Africa, Afghanistan & Pakistan",Lower middle income,77.6996062630389,39.3722,26.1724095779931,51412122479.8468,4187.64079392362,12277109,9343597097.75793,0.39372293486943644,0.5144916534429677,0.041677163317819614,0.10694071841369014,78.69711153076784,13.610708892485547,0.2309350098438209,3295.552346102002
TUR,Turkiye,514989218110.8,172507248000.0,157127934803.6,178133840000.0,12065026000.0,,12065026000.0,89572219405.1,29657965074.0,3961498962.0,Europe & Central Asia,Upper middle income,39.3880494718611,34.5898,23.4318472180701,1359123768774.12,15892.7157287241,85518661,155548682878.169,0.3458981930795966,0.3051091737027277,0.3349725429841621,0.02342772542745586,37.89126714892945,17.39302809749864,0.30204260090878776,6021.95137399076
TZA,Tanzania,36343119611.6,6621048000.0,24277203876.6,3382972201.4,,12097217000.0,12097217000.0,1980087497.9,1816535733.6,503276783.9,Sub-Saharan Africa ,Lower middle income,47.3169345002777,9.3084,12.0902915457182,79235713444.9777,1192.60668945313,68560157,,0.0930842546692173,0.6679999993410362,0.18218160880957213,0.33286127138460647,45.86709456063285,5.448314616525092,,530.0909624754797
UGA,Uganda,20534369198.0,3944029000.0,14099703963.1,519028549.9,,4898639000.0,4898639000.0,1558883495.8,1279815364.7,507769771.7,Sub-Saharan Africa ,Low income,39.2169652098837,2.5276,13.9413655640146,53911907079.0485,1077.91278438613,50015092,3482906765.58962,0.02527608931617691,0.6866392547609049,0.1920696448948692,0.23855804640334977,38.08874571602785,7.5915820971594865,0.16961352608430003,410.56345948538893
UKR,Ukraine,193492461258.9,51070496000.0,105180352833.1,18325600000.0,16683426000.0,5786406000.0,22469832000.0,10333489703.8,3611438107.0,3006957553.6,Europe & Central Asia,Upper middle income,101.267169892573,9.4709,15.8316705792772,190833835445.1,5391.62255859375,37860221,43780549772.8406,0.09470963303050695,0.543588893069921,0.2639404949822092,0.11612768711404493,101.39316269968532,5.340512822343714,0.22626488643534604,5110.7060695419605
UZB,Uzbekistan,70256401083.6,24180685000.0,39164853498.1,5699285000.0,3348458000.0,4330169000.0,7678627000.0,11474012471.0,4416343938.1,1504678362.5,Europe & Central Asia,Lower middle income,60.5136500172241,8.1121,36.0356756918143,121356065241.228,3337.45492058664,36361859,41236890133.3347,0.08112122044535508,0.5574560167335738,0.34417767814816963,0.10929434018208523,57.892781002701774,16.331625722397536,0.5869485128375107,1932.145468239124
VCT,St. Vincent and the Grenadines,806447451.4,,690588809.2,65000000.0,,243873000.0,243873000.0,44142736.9,41314707.4,29883209.1,Latin America & Caribbean ,Upper middle income,70.3081457169149,8.06,10.089413090495,1157207407.40741,11501.2265187188,100616,316823948.572001,0.08060041591942466,0.8563345423203108,,0.30240408048489,69.68910207779889,5.473727621479591,0.3928637235098106,8015.101488828815
VNM,Viet Nam,132907340372.3,55517883000.0,38450213371.2,37087391086.6,2137499000.0,11447477000.0,13584976000.0,33590426649.4,5850609464.2,2279094924.9,East Asia & Pacific,Upper middle income,28.849298110528,27.9046,7.72326875884348,476324572783.807,4716.6599379632,100987686,83081854928.1161,0.2790469734983095,0.28930090139109904,0.417718711731672,0.10221388797598213,27.902684002956875,25.273567701608133,0.6251111089529535,1316.0747179839332
VUT,Vanuatu,519876544.1,,352895056.7,114910000.0,,95493000.0,95493000.0,26166284.2,15372759.9,4719000.0,East Asia & Pacific,Lower middle income,39.1625526066862,22.1033,6.51419321696924,1297956614.77783,3959.87703462363,327777,614649778.922429,0.22103324588134654,0.678805498545669,,0.18368399398614066,40.053460815328314,5.033172682429547,1.1822995014835656,1586.067796398161
WSM,Samoa,394938377.5,12230000.0,258330941.0,68537000.0,,89874000.0,89874000.0,36591773.8,34244345.3,12657356.3,East Asia & Pacific,Upper middle income,37.560249218259,17.3538,9.03364082612879,1175749785.65113,5392.87761915762,218019,507740280.935857,0.17353846550402663,0.6541044267089491,0.030966856342037816,0.22756461544434234,33.5903422921981,9.26518563013036,1.2856189974494363,1811.4860516743954
XKX,Kosovo,4395488576.1,1839791000.0,732224103.9,1563862000.0,82194000.0,276567000.0,358761000.0,376948170.3,49842222.3,41634214.9,Europe & Central Asia,Upper middle income,38.6087239918158,35.5787,7.17785302460144,11203038332.3359,7026.6988128325,1594353,1310096686.95658,0.3557879796351497,0.16658537298478954,0.4185634812029013,0.08162027810758618,39.23479011415214,8.575796837457737,0.298054849711154,2756.910531168443
YEM,"Yemen, Rep.",7086874767.4,,5664615782.8,510644100.8,,1042129000.0,1042129000.0,138971636.5,90250000.0,90250000.0,"Middle East, North Africa, Afghanistan & Pakistan",Low income,,7.2054,,,,40583164,,0.07205490679036548,0.7993108342844626,,0.1470505736596121,,1.9609720936410067,,174.62597956630486
ZAF,South Africa,175895546993.5,23619214000.0,97813398759.6,46828461000.0,3426756000.0,,3426756000.0,22557141870.0,8932169331.6,901562104.5,Sub-Saharan Africa ,Upper middle income,44.8309798829996,26.6228,16.300535727928,401144998373.585,6267.186814093,64007187,65434957159.2265,0.2662288034030247,0.5560879762533987,0.13427977230641785,0.01948176664260086,43.848370964777445,12.824168806748457,0.37201031110608257,2748.0593232991164
ZMB,Zambia,28117735300.5,6722792000.0,15473254703.4,2792341916.4,,2509679000.0,2509679000.0,3912853421.5,687288623.0,181266623.0,Sub-Saharan Africa ,Lower middle income,114.201909487961,9.9308,30.4672923466845,25303185342.2511,1187.10943350064,21314956,4089834507.97439,0.09930891967499053,0.5503023105536117,0.23909436262032288,0.08925608599620653,111.12330293668278,13.915962219867758,0.14545390886803258,1319.1552119788566
ZWE,Zimbabwe,14403740329.7,3797788968.6,5313771371.6,3967157036.7,425155000.0,430166000.0,855321000.0,1415303816.0,88993640.7,66772855.4,Sub-Saharan Africa ,Lower middle income,32.9765971565783,27.5425,,41521975830.2351,2496.15514995576,16634373,484972804.72655,0.275425476014717,0.36891607665567205,0.26366685886228414,0.05938186751647823,34.68943864470827,9.825946480593613,0.03366992139719107,865.9022092206301
