country_code,country_name,region,income_level,DT.DOD.DECT.GN.ZS,DT.DOD.DSTC.ZS,DT.TDS.DECT.EX.ZS,gdp_current_usd,gdp_per_capita_usd,population,total_reserves_usd
ABW,Aruba,Latin America & Caribbean ,High income,,,,4167588070.29217,38590.5650288641,107995,1902250220.0
AFG,Afghanistan,"Middle East, North Africa, Afghanistan & Pakistan",Low income,,13.2352,,17778508875.7396,416.871146273728,42647492,
AGO,Angola,Sub-Saharan Africa ,Lower middle income,79.5726391511001,9.8896,28.9122414363047,103080538044.058,2720.81900669715,37885849,14242892504.625
ALB,Albania,Europe & Central Asia,Upper middle income,39.7190681766686,11.5828,8.00915421288433,27037474263.2977,11374.0085781236,2377128,6515581527.60071
AND,Andorra,Europe & Central Asia,High income,,,,4044249678.65625,49357.437070178,81938,
ARE,United Arab Emirates,"Middle East, North Africa, Afghanistan & Pakistan",High income,,,,552324919095.872,50273.5126243239,10986400,237931339945.397
ARG,Argentina,Latin America & Caribbean ,Upper middle income,39.0583452380588,20.046,38.2533536654791,638365455340.04,13969.7836603737,45696159,29559610350.7831
ARM,Armenia,Europe & Central Asia,Upper middle income,65.9870950657396,21.3397,9.17206815657839,25955275380.0321,8556.21406956719,3033500,3685220142.94538
ASM,American Samoa,East Asia & Pacific,High income,,,,,,46765,
ATG,Antigua and Barbuda,Latin America & Caribbean ,High income,,,,2162366666.66667,23059.8330702839,93772,358440631.721895
AUS,Australia,East Asia & Pacific,High income,,,,1757022451652.83,64609.9865116088,27194286,60404058269.2777
AUT,Austria,Europe & Central Asia,High income,,,,534790720466.822,58268.8787651601,9177982,35405523062.0747
AZE,Azerbaijan,Europe & Central Asia,Upper middle income,17.0427856612147,1.7904,11.3863005417684,74426000000.0,7294.64276088105,10202830,12699124299.9099
BDI,Burundi,Sub-Saharan Africa ,Low income,47.1269669797444,0.2588,,3037579858.38142,216.231928531758,14047786,
BEL,Belgium,Europe & Central Asia,High income,,,,670983130618.828,56581.9375642531,11858610,42330768016.1494
BEN,Benin,Sub-Saharan Africa ,Lower middle income,66.5543408193995,8.9652,26.8148132358465,21482643706.4249,1485.38018885134,14462724,
BFA,Burkina Faso,Sub-Saharan Africa ,Low income,48.7617444251463,0.0,13.6006276960344,23136514855.7646,982.493100418428,23548781,
BGD,Bangladesh,South Asia,Lower middle income,22.2547977203389,12.3893,15.7658301164336,450119432068.852,2593.41611680774,173562364,21394795733.0405
BGR,Bulgaria,Europe & Central Asia,High income,,,11.0918142755745,113349149166.793,17596.9167621233,6441421,43698277895.9665
BHR,Bahrain,"Middle East, North Africa, Afghanistan & Pakistan",High income,,,,47210732712.766,29717.1424605273,1588670,4948702759.13155
BHS,"Bahamas, The",Latin America & Caribbean ,High income,,,,15832800000.0,39455.4466548546,401283,2632098082.6404
BIH,Bosnia and Herzegovina,Europe & Central Asia,Upper middle income,49.1550732058777,22.1288,10.8351325250283,29737363103.0492,9397.90942855997,3164253,9418858050.22744
BLR,Belarus,Europe & Central Asia,Upper middle income,46.1452886653758,29.0171,10.4697875188332,78591839299.7087,8605.60954569694,9132629,8912194598.43984
BLZ,Belize,Latin America & Caribbean ,Upper middle income,46.0428964719523,0.8433,7.67121131772208,3203631800.0,7681.24400583113,417072,498087320.739572
BMU,Bermuda,North America,High income,,,,9194499000.0,142250.433195123,64636,
BOL,Bolivia,Latin America & Caribbean ,Lower middle income,32.5376974869568,4.0423,17.787635656929,54881327452.9667,4421.16609889999,12413315,1977025889.30984
BRA,Brazil,Latin America & Caribbean ,Upper middle income,28.6612661075538,13.9202,26.7439339145718,2185821610689.31,10310.5486973693,211998573,329732443813.378
BRB,Barbados,Latin America & Caribbean ,High income,,,,7597571450.0,26897.2002039176,282467,1653675115.41191
BRN,Brunei Darussalam,East Asia & Pacific,High income,,,,15340808592.48,33153.4738913513,462721,4414307817.04608
BTN,Bhutan,South Asia,Lower middle income,,0.0,16.5776241652416,3346603858.7495,4228.05102403654,791524,941017689.206037
BWA,Botswana,Sub-Saharan Africa ,Upper middle income,11.9275332021357,6.241,4.71797953358513,19286251067.5078,7649.81663744354,2521139,3455661776.33964
CAF,Central African Republic,Sub-Saharan Africa ,Low income,35.8540712601052,12.0915,13.3966251157824,2751494281.06887,516.160999996036,5330690,489286576.286085
CAN,Canada,North America,High income,,,,2270076189683.46,55015.7066917734,41262329,119778473396.958
CHE,Switzerland,Europe & Central Asia,High income,,,,969919786394.884,107702.065940312,9005582,909365744096.394
CHI,Channel Islands,Europe & Central Asia,High income,,,,,,168126,
CHL,Chile,Latin America & Caribbean ,High income,,,,329260633698.726,16658.9652720351,19764771,44403009394.3695
CHN,China,East Asia & Pacific,Upper middle income,13.0007522555005,53.9653,8.59286077464029,18729668435848.0,13293.1162269366,1408975000,3456024808739.12
CIV,Cote d'Ivoire,Sub-Saharan Africa ,Lower middle income,48.8304044647452,10.5627,24.7283736134001,87113179149.284,2727.8935220697,31934230,
CMR,Cameroon,Sub-Saharan Africa ,Lower middle income,31.2876251648885,6.0294,,53296694320.2057,1830.00833684727,29123744,5061511549.89538
COD,"Congo, Dem. Rep.",Sub-Saharan Africa ,Low income,18.2538680171709,3.8127,1.32142230470742,75716176105.0704,692.887665085098,109276265,
COG,"Congo, Rep.",Sub-Saharan Africa ,Lower middle income,44.8962409480798,9.7613,13.5644191652699,15719986076.6464,2482.2489948456,6332961,758550233.065437
COL,Colombia,Latin America & Caribbean ,Upper middle income,49.2038699846531,9.4431,42.9975933296769,420504033143.211,7951.08624019412,52886363,61897968642.424
COM,Comoros,Sub-Saharan Africa ,Lower middle income,24.8117198831103,0.0,17.3446983217314,1610082688.26617,1857.87060684189,866628,323945586.380687
CPV,Cabo Verde,Sub-Saharan Africa ,Upper middle income,86.8866144784781,16.4474,12.623937653653,2713721857.39153,5170.20531932535,524877,783105557.825454
CRI,Costa Rica,Latin America & Caribbean ,High income,,,,96715644330.6612,18853.2828705886,5129910,14177018013.5179
CUB,Cuba,Latin America & Caribbean ,Upper middle income,,,,,,10979783,
CUW,Curacao,Latin America & Caribbean ,High income,,,,3561178212.2905,22832.895498987,155967,
CYM,Cayman Islands,Latin America & Caribbean ,High income,,,,7765336505.34319,104292.900672109,74457,252096650.4
CYP,Cyprus,Europe & Central Asia,High income,,,,37634551820.7367,38674.3125,1358282,2087252552.47629
CZE,Czechia,Europe & Central Asia,High income,,,,347082562221.377,31827.7552539413,10905028,146281239761.971
DEU,Germany,Europe & Central Asia,High income,,,,4685592577804.69,56103.7323182554,83516593,377935141356.243
DJI,Djibouti,"Middle East, North Africa, Afghanistan & Pakistan",Lower middle income,83.8288747209446,14.9872,2.52675252956975,4152145939.98458,3552.72335079222,1168722,348725427.269846
DMA,Dominica,Latin America & Caribbean ,Upper middle income,82.3567303337689,30.4936,29.4152919032151,688881481.481481,10405.2787777582,66205,155971242.017246
DNK,Denmark,Europe & Central Asia,High income,,,,424524722037.047,71026.4832271897,5976992,108405100882.539
DOM,Dominican Republic,Latin America & Caribbean ,Upper middle income,45.3336943010045,7.7828,22.0407214085418,124282245638.568,10875.6618443092,11427557,13471257812.8679
DZA,Algeria,"Middle East, North Africa, Afghanistan & Pakistan",Upper middle income,2.66774817396092,25.4556,0.797700031642401,269322281664.773,5752.99076651465,46814308,83007108429.3211
ECU,Ecuador,Latin America & Caribbean ,Upper middle income,49.7486298154549,1.0373,21.8576635137655,123802374000.0,6826.5294137822,18135478,6907743954.50087
EGY,"Egypt, Arab Rep.","Middle East, North Africa, Afghanistan & Pakistan",Lower middle income,41.9820138564051,19.8722,49.2291017973666,389059910593.1,3338.47371043679,116538258,44921341018.4659
ERI,Eritrea,Sub-Saharan Africa ,Low income,,6.6994,,,,3535603,
ESP,Spain,Europe & Central Asia,High income,,,,1725671652742.19,35326.7683069278,48848840,107774143968.875
EST,Estonia,Europe & Central Asia,High income,,,,43130419829.35,31428.3547816104,1372341,2074505152.71104
ETH,Ethiopia,Sub-Saharan Africa ,Low income,,0.9621,11.538041500051,149740297952.375,1133.88279681256,132059767,3784387425.19121
FIN,Finland,Europe & Central Asia,High income,,,,298729432711.719,53155.5451165897,5619911,17992892153.4528
FJI,Fiji,East Asia & Pacific,Upper middle income,71.3867600808353,27.2248,9.53539168749024,5968125909.27126,6425.74151715712,928784,1599606710.18293
FRA,France,Europe & Central Asia,High income,,,,3160442622465.08,46103.0840855884,68551653,282857363313.825
FRO,Faroe Islands,Europe & Central Asia,High income,,,,4052937169.76536,74175.2776311377,54640,
FSM,"Micronesia, Fed. Sts.",East Asia & Pacific,Upper middle income,,,,481121300.0,4251.69052668788,113160,
GAB,Gabon,Sub-Saharan Africa ,Upper middle income,35.9523010976641,2.2312,,20895684425.6752,8230.04311451151,2538952,638788434.429856
GBR,United Kingdom,Europe & Central Asia,High income,,,,3695539513534.15,53341.3131094262,69281000,174597843325.182
GEO,Georgia,Europe & Central Asia,Upper middle income,79.6767852223944,18.8015,26.5628823310302,34189423333.141,8967.67525638987,3812518,4447216641.42079
GHA,Ghana,Sub-Saharan Africa ,Lower middle income,46.9171668170777,7.0016,9.43593175956357,83288585604.0268,2419.2518672482,34427414,4472457558.56406
GIB,Gibraltar,Europe & Central Asia,High income,,,,,,39329,
GIN,Guinea,Sub-Saharan Africa ,Lower middle income,23.1973863712568,7.0107,3.729306337627,25008678293.4073,1694.95375862185,14754785,1345598715.8962
GMB,"Gambia, The",Sub-Saharan Africa ,Low income,66.3566127091875,3.7471,8.14420595794985,2404888737.54853,871.340287547821,2759988,628849157.476695
GNB,Guinea-Bissau,Sub-Saharan Africa ,Low income,67.1110649067659,0.057,13.2574468326414,2197777209.94218,998.376093392688,2201352,
GNQ,Equatorial Guinea,Sub-Saharan Africa ,Upper middle income,,,,13254388261.1258,7003.58055684906,1892516,1076807833.41514
GRC,Greece,Europe & Central Asia,High income,,,,256238371778.118,24626.1481858973,10405134,15221750195.0005
GRD,Grenada,Latin America & Caribbean ,Upper middle income,68.5938767489392,1.8152,4.85035125902098,1351270370.37037,11528.9220811928,117207,423263143.568031
GRL,Greenland,Europe & Central Asia,High income,,,,,,56836,
GTM,Guatemala,Latin America & Caribbean ,Upper middle income,24.2444913245727,0.6308,9.56215520029921,113215575150.885,6150.89465281457,18406359,24412418011.7846
GUM,Guam,East Asia & Pacific,High income,,,,,,167777,
GUY,Guyana,Latin America & Caribbean ,High income,22.6406371146813,1.731,2.88572767868533,24662714628.2974,29675.2501582835,831087,1009772163.61402
HKG,"Hong Kong SAR, China",East Asia & Pacific,High income,,,,408368682415.423,54274.7547767073,7524100,
HND,Honduras,Latin America & Caribbean ,Lower middle income,41.8233168617746,12.3162,18.1160284769388,36980171442.0603,3415.96027916712,10825703,8036257488.95927
HRV,Croatia,Europe & Central Asia,High income,,,,92981894167.9687,24049.9441746337,3866200,3335294932.65449
HTI,Haiti,Latin America & Caribbean ,Lower middle income,3.74484478267583,13.6782,63.162658981726,24255657481.2502,2060.35591768638,11772557,2714226653.6402
HUN,Hungary,Europe & Central Asia,High income,,,,222848211034.367,23305.4482514359,9562065,46422357553.8952
IDN,Indonesia,East Asia & Pacific,Upper middle income,30.9729980083421,15.4664,24.6905963826299,1396301788461.69,4925.43644992666,283487931,155708275547.574
IMN,Isle of Man,Europe & Central Asia,High income,,,,,,84160,
IND,India,South Asia,Lower middle income,18.5795533694083,19.4803,10.493447761841,3760813470500.86,2591.9916607122,1450935791,643042560625.541
IRL,Ireland,Europe & Central Asia,High income,,,,609157459747.205,112894.953240805,5395790,12698067021.8083
IRN,"Iran, Islamic Rep.","Middle East, North Africa, Afghanistan & Pakistan",Upper middle income,2.21280566524888,23.6678,0.284993582584259,475252089215.416,5190.16959024821,91567738,
IRQ,Iraq,"Middle East, North Africa, Afghanistan & Pakistan",Upper middle income,6.22639916968424,4.1454,2.95676245098624,279641257615.385,6073.61032342708,46042015,100690954781.588
ISL,Iceland,Europe & Central Asia,High income,,,,33186621855.0053,85863.1479330343,386506,6402950468.75603
ISR,Israel,"Middle East, North Africa, Afghanistan & Pakistan",High income,,,,542284494490.778,54216.5218142787,10002200,214543676669.814
ITA,Italy,Europe & Central Asia,High income,,,,2383435562458.12,40429.6224047352,58952704,290547420426.359
JAM,Jamaica,Latin America & Caribbean ,Upper middle income,76.0700580586773,16.1722,31.8505046193829,22014429050.9995,7753.8119527678,2839175,5632916052.14541
JOR,Jordan,"Middle East, North Africa, Afghanistan & Pakistan",Upper middle income,90.1349716229773,38.1091,18.1501287979427,58618380563.3803,5073.92103605892,11552876,21939099361.5116
JPN,Japan,East Asia & Pacific,High income,,,,4190008188358.57,33797.1014287876,123975371,1230666979042.45
KAZ,Kazakhstan,Europe & Central Asia,Upper middle income,62.6029318152699,11.6956,48.4343756201676,291480274648.826,14154.6324958076,20592571,45807523139.2563
KEN,Kenya,Sub-Saharan Africa ,Lower middle income,34.992669732423,4.6816,27.2238636965006,120397537849.826,2133.46193404026,56432944,10066607177.351
KGZ,Kyrgyz Republic,Europe & Central Asia,Lower middle income,69.2449937236268,13.667,13.953203049199,18161630698.9052,2514.81066933171,7221868,5088723593.73523
KHM,Cambodia,East Asia & Pacific,Lower middle income,46.1114046291379,20.4818,10.5425721165318,46352647037.2406,2627.87969756224,17638801,22505568572.5432
KIR,Kiribati,East Asia & Pacific,Lower middle income,,,,343153235.077124,2550.98377226188,134518,
KNA,St. Kitts and Nevis,Latin America & Caribbean ,High income,,,,1122388888.88889,23960.6534357084,46843,294747744.694362
KOR,"Korea, Rep.",East Asia & Pacific,High income,,,,1875388209406.8,36238.639908315,51751065,418218648901.669
KWT,Kuwait,"Middle East, North Africa, Afghanistan & Pakistan",High income,,,,160903106639.233,32855.7209688827,4897263,50727942998.1333
LAO,Lao PDR,East Asia & Pacific,Lower middle income,115.404417712173,6.1502,19.0423898045972,16502933121.3379,2123.97909415109,7769819,2213001000.16953
LBN,Lebanon,"Middle East, North Africa, Afghanistan & Pakistan",Lower middle income,,28.2609,21.04734596175,25971643441.3408,4473.27134441128,5805962,33301277509.6206
LBR,Liberia,Sub-Saharan Africa ,Low income,50.457044003161,0.0,9.14927792628863,4779300900.0,851.497723870206,5612817,367711666.748042
LBY,Libya,"Middle East, North Africa, Afghanistan & Pakistan",Upper middle income,,,,48487151215.345,6569.16408678648,7381023,92893708178.1604
LCA,St. Lucia,Latin America & Caribbean ,Upper middle income,51.3109697332727,6.6623,4.74628702405992,2605148148.14815,14493.658470648,179744,406063791.484465
LIE,Liechtenstein,Europe & Central Asia,High income,,,,8905764270.4054,220167.225473557,40450,
LKA,Sri Lanka,South Asia,Upper middle income,58.8897020425324,10.2379,23.7051670387884,99616111265.7633,4545.36006870612,21916000,6093946546.37437
LSO,Lesotho,Sub-Saharan Africa ,Lower middle income,65.3503315479921,0.1825,6.88637904028134,2391282547.80028,1023.04227681523,2337423,1007862057.19677
LTU,Lithuania,Europe & Central Asia,High income,,,,85503938573.5664,29603.7772588256,2888278,7407101582.10623
LUX,Luxembourg,Europe & Central Asia,High income,,,,93279851863.4062,137781.681659123,677012,2789187309.62034
LVA,Latvia,Europe & Central Asia,High income,,,,44001275012.6141,23578.9663562625,1866124,5140826261.28181
MAC,"Macao SAR, China",East Asia & Pacific,High income,,,,49467258923.3244,72004.7437020733,687000,29391736000.0
MAF,St. Martin (French part),Latin America & Caribbean ,High income,,,,,,26129,
MAR,Morocco,"Middle East, North Africa, Afghanistan & Pakistan",Lower middle income,44.7188367863758,11.0366,12.9254798325863,160610994054.734,4153.1943359375,38081173,37133907722.7893
MCO,Monaco,Europe & Central Asia,High income,,,,11125788838.2812,288001.574856495,38631,
MDA,Moldova,Europe & Central Asia,Upper middle income,57.1465378506246,21.2992,16.6185835066351,18206842140.7615,7578.90216348853,2402306,5483515866.86942
MDG,Madagascar,Sub-Saharan Africa ,Low income,39.2117046150763,1.5271,7.17223697747634,17592832696.1336,550.37875528856,31964956,2784591092.62259
MDV,Maldives,South Asia,Upper middle income,75.5586486708217,3.4057,9.18470294592451,7061608267.25451,13379.3513577224,527799,673885912.694607
MEX,Mexico,Latin America & Caribbean ,Upper middle income,32.8920519832698,10.3465,9.51997025016336,1830489311088.89,13988.0423745241,130861007,232035392464.815
MHL,Marshall Islands,East Asia & Pacific,Upper middle income,,,,285000000.0,7590.28443592202,37548,
MKD,North Macedonia,Europe & Central Asia,Upper middle income,81.1537085602971,24.7676,14.4210946901678,16951682221.3962,9291.8566035502,1824359,5251936213.50666
MLI,Mali,Sub-Saharan Africa ,Low income,24.9435630803084,0.649,6.16273727116764,26761281076.7658,1093.2523323649,24478595,
MLT,Malta,"Middle East, North Africa, Afghanistan & Pakistan",High income,,,,25042712191.3281,44023.6341078148,568847,1417609467.81291
MMR,Myanmar,East Asia & Pacific,Lower middle income,15.2759866470065,0.5723,7.38528231051686,74068349523.8095,1359.05001560107,54500091,
MNE,Montenegro,Europe & Central Asia,Upper middle income,108.635519944661,2.6907,29.801351346243,8274290505.96367,13270.1824401005,623525,1741494536.63686
MNG,Mongolia,East Asia & Pacific,Upper middle income,181.85657688514,6.1765,32.0417230045509,23794540024.5132,6750.6301157724,3524788,5507944030.50837
MNP,Northern Mariana Islands,East Asia & Pacific,High income,,,,,,44278,
MOZ,Mozambique,Sub-Saharan Africa ,Low income,350.573066715697,1.7369,46.5096494923949,22752244245.473,656.976148587772,34631766,3842807100.82527
MRT,Mauritania,Sub-Saharan Africa ,Lower middle income,41.8283000583246,4.7834,9.67472381178827,10879212033.4823,2104.54260769051,5169395,
MUS,Mauritius,Sub-Saharan Africa ,Upper middle income,123.165055468656,54.7797,8.48229754247703,14938055690.3609,11990.9355434317,1245779,8506134285.10038
MWI,Malawi,Sub-Saharan Africa ,Low income,35.2492254102013,2.0144,10.5586545915916,11311971400.3864,522.365366146003,21655286,
MYS,Malaysia,East Asia & Pacific,Upper middle income,,,,422227005428.688,11874.4273684245,35557673,116229205257.758
NAM,Namibia,Sub-Saharan Africa ,Lower middle income,,,,13641190683.4641,4501.84849548225,3030131,3355524014.61227
NCL,New Caledonia,East Asia & Pacific,High income,,,,8548919387.12607,29213.1923192946,292639,
NER,Niger,Sub-Saharan Africa ,Low income,27.5138701036448,0.5587,18.9689773253997,19729786046.7618,729.856664168989,27032412,
NGA,Nigeria,Sub-Saharan Africa ,Lower middle income,60.0447244122839,20.4372,21.9135766141912,252261880140.271,1084.16041805058,232679478,40405994024.7986
NIC,Nicaragua,Latin America & Caribbean ,Lower middle income,82.8145487130702,8.6903,21.3938317535199,19696311850.3289,2847.87639497305,6916140,6104867094.02533
NLD,Netherlands,Europe & Central Asia,High income,,,,1213936238063.28,67465.3208126875,17993485,79129609286.1887
NOR,Norway,Europe & Central Asia,High income,,,,500886328034.123,89888.9535204758,5572279,81241559661.5009
NPL,Nepal,South Asia,Lower middle income,23.2748414884129,4.1654,12.3916778046586,43298911699.9284,1460.28237984149,29651054,15846781298.75
NRU,Naoero,East Asia & Pacific,High income,,,,167833414.846177,14048.163961344,11947,
NZL,New Zealand,East Asia & Pacific,High income,,,,261497198363.906,49432.3626396797,5290000,22065156553.5373
OMN,Oman,"Middle East, North Africa, Afghanistan & Pakistan",High income,,,,107137198699.61,20285.2272765262,5281538,18286526117.9972
PAK,Pakistan,"Middle East, North Africa, Afghanistan & Pakistan",Lower middle income,35.6282760521045,7.4077,39.5425844195386,371747087751.306,1479.47755241191,251269164,18407745860.6666
PAN,Panama,Latin America & Caribbean ,High income,,,,86523959100.0,19161.218843129,4515577,6855505288.43603
PER,Peru,Latin America & Caribbean ,Upper middle income,34.2282212044217,11.2304,17.1119312052217,291751523018.903,8526.29665719783,34217848,79246042707.9259
PHL,Philippines,East Asia & Pacific,Upper middle income,26.2604550502335,15.2865,14.4330389093768,461671157904.74,3985.29464669706,115843670,106195050244.098
PLW,Palau,East Asia & Pacific,High income,,,,321501812.5,18169.0767165866,17695,
PNG,Papua New Guinea,East Asia & Pacific,Lower middle income,41.8854823852824,0.9424,43.3382712553473,30803971189.4102,2912.4914068385,10576502,3708907022.18138
POL,Poland,Europe & Central Asia,High income,,,,917767106146.761,25103.565661423,36559233,223114909804.172
PRI,Puerto Rico (US),Latin America & Caribbean ,High income,,,,126029527033.705,39353.2242360643,3202521,
PRK,"Korea, Dem. People's Rep.",East Asia & Pacific,Low income,,,,,,26498823,
PRT,Portugal,Europe & Central Asia,High income,,,,313656884870.859,29328.3067415343,10694681,42434283510.5071
PRY,Paraguay,Latin America & Caribbean ,Upper middle income,69.740945590813,11.8786,11.0611568256561,44738819362.3269,6456.60723068562,6929153,9567715594.05829
PSE,West Bank and Gaza,"Middle East, North Africa, Afghanistan & Pakistan",Lower middle income,,,,16016900000.0,3028.25481286981,5289152,1328000000.0
PYF,French Polynesia,East Asia & Pacific,High income,,,,6323716355.05009,22439.8838746025,281807,
QAT,Qatar,"Middle East, North Africa, Afghanistan & Pakistan",High income,,,,216294505494.505,75685.0865779973,2857822,53987415590.4034
ROU,Romania,Europe & Central Asia,High income,,,,382564217988.866,20080.2096215595,19051804,73391248091.2734
RUS,Russian Federation,Europe & Central Asia,High income,,,11.3520494753528,2186462268813.08,14961.8974609375,143669648,608360767884.902
RWA,Rwanda,Sub-Saharan Africa ,Low income,93.8824280218587,3.8377,7.97435072087266,15111064181.9687,1059.93709298801,14256567,2406465191.3504
SAU,Saudi Arabia,"Middle East, North Africa, Afghanistan & Pakistan",High income,,,,1254140800000.0,35527.786181866,35300280,463869589071.029
SDN,Sudan,Sub-Saharan Africa ,Low income,45.3986291468877,21.5066,,49672435513.1126,984.607666015625,50448963,
SEN,Senegal,Sub-Saharan Africa ,Lower middle income,150.690164087921,9.6932,41.8050042927812,32169996051.8502,1738.73223822106,18501984,
SGP,Singapore,East Asia & Pacific,High income,,,,572877260178.427,94896.5621495988,6036860,383945953550.791
SLB,Solomon Islands,East Asia & Pacific,Lower middle income,33.8252498362145,4.8969,3.64953428942652,1583964703.75061,1933.55538435227,819198,685807870.563439
SLE,Sierra Leone,Sub-Saharan Africa ,Low income,31.1262398944279,7.4641,9.48961863622453,6971127234.07241,806.654650274255,8642022,433270129.080483
SLV,El Salvador,Latin America & Caribbean ,Upper middle income,75.3936981274716,10.6126,96.1985835283834,34879730000.0,5503.10317151907,6338193,3704746691.22734
SMR,San Marino,Europe & Central Asia,High income,,,,,,33977,758942003.435389
SOM,"Somalia, Fed. Rep.",Sub-Saharan Africa ,Low income,14.918886594174,41.7909,0.656954967744848,11967000000.0,629.538899449007,19009151,
SRB,Serbia,Europe & Central Asia,Upper middle income,62.2479849600107,1.9249,20.9665816770936,90088366320.4062,13677.7794863909,6586476,30484164151.2486
SSD,South Sudan,Sub-Saharan Africa ,Low income,,,,,,11943408,15961778.4894403
STP,Sao Tome and Principe,Sub-Saharan Africa ,Lower middle income,42.7472134373302,2.435,3.46661642028318,824992558.045383,3502.6176807171,235536,58787511.7763146
SUR,Suriname,Latin America & Caribbean ,Upper middle income,,,,4416775112.72266,6961.78956060258,634431,1632317813.39707
SVK,Slovak Republic,Europe & Central Asia,High income,,,,140934076532.375,25992.6748502048,5422069,14451891658.1508
SVN,Slovenia,Europe & Central Asia,High income,,,,72972015197.3859,34301.0318686594,2127400,2832343259.62504
SWE,Sweden,Europe & Central Asia,High income,,,,604827393488.582,57222.7100565003,10569709,62569356006.7168
SWZ,Eswatini,Sub-Saharan Africa ,Lower middle income,27.7538826674716,5.6401,7.67187532890614,4858885840.77236,3909.55892378182,1242822,536572585.913259
SXM,Sint Maarten (Dutch part),Latin America & Caribbean ,High income,,,,1797836648.04469,41472.5870367865,43350,
SYC,Seychelles,Sub-Saharan Africa ,High income,,,,2228608684.29911,18364.5259678223,121354,773677575.743445
SYR,Syrian Arab Republic,"Middle East, North Africa, Afghanistan & Pakistan",Low income,,12.9511,,,,24672760,
TCA,Turks and Caicos Islands,Latin America & Caribbean ,High income,,,,1745378000.0,37506.7798431288,46535,
TCD,Chad,Sub-Saharan Africa ,Low income,16.4018679739397,0.8808,,19906706689.7582,980.668312111718,20299123,1547604928.86707
TGO,Togo,Sub-Saharan Africa ,Lower middle income,43.1643453395059,3.402,13.8240839508821,10643440332.2445,1266.08777721447,8406558,
THA,Thailand,East Asia & Pacific,Upper middle income,37.4891208226563,36.1742,4.68434832872581,529385520941.539,7386.63615126055,71668011,236933974075.014
TJK,Tajikistan,Europe & Central Asia,Lower middle income,37.3947720942707,12.4853,8.76434765128616,14425113699.7925,1362.02559981695,10590927,3630709354.49572
TKM,Turkmenistan,Europe & Central Asia,Upper middle income,5.21661265138383,0.9307,,44249447717.2312,5904.25772576512,7494498,
TLS,Timor-Leste,East Asia & Pacific,Lower middle income,15.365375502464,0.426,3.0506475146491,1865608515.41321,1331.9705130185,1400638,780435177.882018
TON,Tonga,East Asia & Pacific,Upper middle income,,0.0,22.8214980370372,647488243.847291,6215.38990974121,104175,377298748.746431
TTO,Trinidad and Tobago,Latin America & Caribbean ,High income,,,,25633544529.4849,18733.4110406494,1368333,5601120709.15512
TUN,Tunisia,"Middle East, North Africa, Afghanistan & Pakistan",Lower middle income,77.6996062630389,39.3722,26.1724095779931,51412122479.8468,4187.64079392362,12277109,9343597097.75793
TUR,Turkiye,Europe & Central Asia,Upper middle income,39.3880494718611,34.5898,23.4318472180701,1359123768774.12,15892.7157287241,85518661,155548682878.169
TUV,Tuvalu,East Asia & Pacific,Upper middle income,,,,56752265.8012166,5883.50257114002,9646,
TZA,Tanzania,Sub-Saharan Africa ,Lower middle income,47.3169345002777,9.3084,12.0902915457182,79235713444.9777,1192.60668945313,68560157,
UGA,Uganda,Sub-Saharan Africa ,Low income,39.2169652098837,2.5276,13.9413655640146,53911907079.0485,1077.91278438613,50015092,3482906765.58962
UKR,Ukraine,Europe & Central Asia,Upper middle income,101.267169892573,9.4709,15.8316705792772,190833835445.1,5391.62255859375,37860221,43780549772.8406
URY,Uruguay,Latin America & Caribbean ,High income,,,,82322859144.2816,24308.4954958447,3386588,17377698943.2229
USA,United States,North America,High income,,,,29298013000000.0,86169.6641581917,340003797,910036546651.5
UZB,Uzbekistan,Europe & Central Asia,Lower middle income,60.5136500172241,8.1121,36.0356756918143,121356065241.228,3337.45492058664,36361859,41236890133.3347
VCT,St. Vincent and the Grenadines,Latin America & Caribbean ,Upper middle income,70.3081457169149,8.06,10.089413090495,1157207407.40741,11501.2265187188,100616,316823948.572001
VEN,"Venezuela, RB",Latin America & Caribbean ,Lower middle income,,,,120566112397.063,4244.45723136019,28405543,
VGB,British Virgin Islands,Latin America & Caribbean ,High income,,,,,,39471,
VIR,Virgin Islands (U.S.),Latin America & Caribbean ,High income,,,,,,104377,
VNM,Viet Nam,East Asia & Pacific,Upper middle income,28.849298110528,27.9046,7.72326875884348,476324572783.807,4716.6599379632,100987686,83081854928.1161
VUT,Vanuatu,East Asia & Pacific,Lower middle income,39.1625526066862,22.1033,6.51419321696924,1297956614.77783,3959.87703462363,327777,614649778.922429
WSM,Samoa,East Asia & Pacific,Upper middle income,37.560249218259,17.3538,9.03364082612879,1175749785.65113,5392.87761915762,218019,507740280.935857
XKX,Kosovo,Europe & Central Asia,Upper middle income,38.6087239918158,35.5787,7.17785302460144,11203038332.3359,7026.6988128325,1594353,1310096686.95658
YEM,"Yemen, Rep.","Middle East, North Africa, Afghanistan & Pakistan",Low income,,7.2054,,,,40583164,
ZAF,South Africa,Sub-Saharan Africa ,Upper middle income,44.8309798829996,26.6228,16.300535727928,401144998373.585,6267.186814093,64007187,65434957159.2265
ZMB,Zambia,Sub-Saharan Africa ,Lower middle income,114.201909487961,9.9308,30.4672923466845,25303185342.2511,1187.10943350064,21314956,4089834507.97439
ZWE,Zimbabwe,Sub-Saharan Africa ,Lower middle income,32.9765971565783,27.5425,,41521975830.2351,2496.15514995576,16634373,484972804.72655
