country_code,country_name,total_debt_usd,private_png_debt_usd,public_ppg_debt_usd,short_term_debt_usd,ibrd_debt_usd,ida_debt_usd,world_bank_debt_usd,total_debt_service_usd,ppg_debt_service_usd,multilateral_debt_service_usd,region,income_level,debt_pct_gni,short_term_pct_reserves,debt_service_pct_exports,gdp_current_usd,gdp_per_capita_usd,population,total_reserves_usd,short_term_share,public_ppg_share,private_png_share,multilateral_share,debt_pct_gdp,debt_service_pct_debt,reserves_to_debt,debt_per_capita_usd,risk_rating,high_risk
AFG,Afghanistan,3344095867.1,17748000.0,1794720843.5,442598969.1,,279735000.0,279735000.0,67599109.7,35055000.0,35055000.0,"Middle East, North Africa, Afghanistan & Pakistan",Low income,,13.2352,,17778508875.7396,416.871146273728,42647492,,0.13235235671751894,0.5366834309856021,0.005307264117218944,0.08365041288202847,18.809765714735075,2.0214465250549756,,78.4124859464186,High,1
BDI,Burundi,1023879227.4,,601229941.5,2650120.6,,109468000.0,109468000.0,35822368.6,21188598.9,14505255.1,Sub-Saharan Africa ,Low income,47.1269669797444,0.2588,,3037579858.38142,216.231928531758,14047786,,0.0025883136693080643,0.5872078712122527,,0.10691495351261192,33.70707191696932,3.4986908261598355,,72.88545165764911,High,1
BEN,Benin,14162933686.6,2790571000.0,8920517760.1,1269746000.0,,2317489000.0,2317489000.0,1144066295.4,952672658.3,200143787.1,Sub-Saharan Africa ,Lower middle income,66.5543408193995,8.9652,26.8148132358465,21482643706.4249,1485.38018885134,14462724,,0.08965275331348524,0.62984957477701,0.19703340153602833,0.1636305762126564,65.92733129193142,8.0778906455125,,979.2715180487438,Moderate,0
BFA,Burkina Faso,10845161721.4,5067696000.0,5121248650.8,0.0,,2616134000.0,2616134000.0,884322429.8,295932097.4,228428172.7,Sub-Saharan Africa ,Low income,48.7617444251463,0.0,13.6006276960344,23136514855.7646,982.493100418428,23548781,,0.0,0.4722150561106524,0.4672771259833101,0.24122590950744105,46.87465588058464,8.154073240374354,,460.5402598716256,Moderate,0
BGD,Bangladesh,104486886261.1,9292928000.0,77581679615.2,12945219000.0,,20730695000.0,20730695000.0,8596803872.8,5107969957.4,2710108231.1,South Asia,Lower middle income,22.2547977203389,12.3893,15.7658301164336,450119432068.852,2593.41611680774,173562364,21394795733.0405,0.12389324118293155,0.7425015941362519,0.08893870161637418,0.1984047543363147,23.213147182038853,8.22763906593755,0.20476058286948576,602.013500237298,Moderate,0
BTN,Bhutan,3400087106.3,43858000.0,3322918899.6,0.0,,419599000.0,419599000.0,161369542.9,157867544.7,46798177.4,South Asia,Lower middle income,,0.0,16.5776241652416,3346603858.7495,4228.05102403654,791524,941017689.206037,0.0,0.9773040500765361,0.0128990812966926,0.12340830892906468,101.59813499917749,4.746041435262037,0.2767628180649935,4295.620987234753,Moderate,0
CAF,Central African Republic,1045905200.4,,438777675.7,126466537.1,,116762000.0,116762000.0,56507514.0,14067424.6,8221891.2,Sub-Saharan Africa ,Low income,35.8540712601052,12.0915,13.3966251157824,2751494281.06887,516.160999996036,5330690,489286576.286085,0.12091586986242506,0.4195195468310055,,0.11163726880346812,38.012261468110275,5.402737645667031,0.46781159143195805,196.20446891490596,High,1
CIV,Cote d'Ivoire,40560965965.1,239965437.0,31249010244.2,4284366000.0,161496000.0,4716407000.0,4877903000.0,5387511624.7,4350206790.0,660305060.0,Sub-Saharan Africa ,Lower middle income,48.8304044647452,10.5627,24.7283736134001,87113179149.284,2727.8935220697,31934230,,0.10562780984275401,0.7704207604692572,0.005916166720646501,0.12026101656940591,46.56122800384949,13.282503255311015,,1270.1407225131152,Moderate,0
CMR,Cameroon,15770789430.1,271225000.0,12516539290.7,950896478.7,541936000.0,2323469000.0,2865405000.0,1675980009.5,1397091700.0,375847964.7,Sub-Saharan Africa ,Lower middle income,31.2876251648885,6.0294,,53296694320.2057,1830.00833684727,29123744,5061511549.89538,0.060294792655409296,0.7936533136896138,0.017197934269691167,0.18169065110533475,29.590558347482762,10.627115509520648,0.320942180626356,541.5096846785908,High,1
COD,"Congo, Dem. Rep.",12484889882.1,,7924885121.5,476015882.2,,3452865000.0,3452865000.0,471108569.1,386162036.6,105652832.0,Sub-Saharan Africa ,Low income,18.2538680171709,3.8127,1.32142230470742,75716176105.0704,692.887665085098,109276265,,0.03812735928752401,0.6347581113119924,,0.27656351258255685,16.489065513259508,3.773429910466763,,114.25070102917591,Moderate,0
COG,"Congo, Rep.",6728317971.4,8247827.1,5334336291.0,656777369.7,221576000.0,523900000.0,745476000.0,1088175957.1,1045512956.9,111217353.9,Sub-Saharan Africa ,Lower middle income,44.8962409480798,9.7613,13.5644191652699,15719986076.6464,2482.2489948456,6332961,758550233.065437,0.09761390179414196,0.7928186975815672,0.0012258378892107899,0.11079678504624604,42.801042816415624,16.1730756739723,0.11273995020595037,1062.4284550939126,In debt distress,1
COM,Comoros,385570286.6,,323974704.0,0.0,,56828000.0,56828000.0,24644205.9,16161053.6,6195459.9,Sub-Saharan Africa ,Lower middle income,24.8117198831103,0.0,17.3446983217314,1610082688.26617,1857.87060684189,866628,323945586.380687,0.0,0.8402481084754833,,0.14738687594709482,23.94723509605611,6.391624758566134,0.8401725901580067,444.90864200095086,High,1
CPV,Cabo Verde,2359581722.2,,1845162809.0,388090000.0,34472000.0,581941000.0,616413000.0,152478862.1,128707507.3,65441405.1,Sub-Saharan Africa ,Upper middle income,86.8866144784781,16.4474,12.623937653653,2713721857.39153,5170.20531932535,524877,783105557.825454,0.1644740660383473,0.7819872444509479,,0.26123825006801454,86.95002090111272,6.462114054597503,0.3318832106799467,4495.494605783831,Moderate,0
DJI,Djibouti,3457016382.4,10000000.0,2827914989.5,518113119.7,,295538000.0,295538000.0,139575529.8,109618322.4,51772298.1,"Middle East, North Africa, Afghanistan & Pakistan",Lower middle income,83.8288747209446,14.9872,2.52675252956975,4152145939.98458,3552.72335079222,1168722,348725427.269846,0.14987291420942153,0.8180218652989858,0.002892667807682646,0.08548932585469138,83.25854708307384,4.037456417927099,0.10087468171838596,2957.945843750695,In debt distress,1
DMA,Dominica,569530343.0,16646000.0,339607059.4,173670714.9,,166614000.0,166614000.0,65938110.8,52260389.9,15762808.6,Latin America & Caribbean ,Upper middle income,82.3567303337689,30.4936,29.4152919032151,688881481.481481,10405.2787777582,66205,155971242.017246,0.3049367202898968,0.5962931801159539,0.029227591127660078,0.29254630951243277,82.67464844245643,11.57762911325692,0.27385940702591505,8602.527648969111,Moderate,0
ETH,Ethiopia,36548259483.3,,33950250175.6,351666101.2,,12761932000.0,12761932000.0,1357289049.9,1086537219.0,495439590.6,Sub-Saharan Africa ,Low income,,0.9621,11.538041500051,149740297952.375,1133.88279681256,132059767,3784387425.19121,0.009621965756281412,0.9289156489411728,,0.3491802942307365,24.40776463188567,3.7136899789172895,0.10354494245944626,276.75544424745203,In debt distress,1
GHA,Ghana,37414621429.7,4547811000.0,25584060934.2,2619647898.2,,6372715000.0,6372715000.0,2729878836.7,845828109.0,290369001.1,Sub-Saharan Africa ,Lower middle income,46.9171668170777,7.0016,9.43593175956357,83288585604.0268,2419.2518672482,34427414,4472457558.56406,0.0700166886125568,0.6837984712011863,0.1215517042861194,0.17032686036858555,44.92166742700826,7.296288810055959,0.11953769375877718,1086.7682780269236,High,1
GIN,Guinea,5388299536.1,75000000.0,4093001848.4,377760206.9,,700201000.0,700201000.0,438622364.9,333344595.6,89158926.4,Sub-Saharan Africa ,Lower middle income,23.1973863712568,7.0107,3.729306337627,25008678293.4073,1694.95375862185,14754785,1345598715.8962,0.07010749947532041,0.7596091904279092,0.01391904802201926,0.12994841792087877,21.545718941574155,8.140274347433007,0.24972604193235542,365.1899730223111,Moderate,0
GMB,"Gambia, The",1642671191.3,300000000.0,1009688794.9,61554160.3,,122358000.0,122358000.0,77135850.4,48337440.3,33599150.6,Sub-Saharan Africa ,Low income,66.3566127091875,3.7471,8.14420595794985,2404888737.54853,871.340287547821,2759988,628849157.476695,0.03747199112397315,0.6146627518931153,0.18262936708750693,0.07448721366031058,68.30549645196845,4.695757179436207,0.38282107874493587,595.1733091955472,High,1
GNB,Guinea-Bissau,1433190116.5,0.0,1310171789.4,817000.0,,215294000.0,215294000.0,39159349.3,31588821.3,14910541.2,Sub-Saharan Africa ,Low income,67.1110649067659,0.057,13.2574468326414,2197777209.94218,998.376093392688,2201352,,0.0005700569593622369,0.9141646836077663,0.0,0.15022012608192586,65.21089171443838,2.732320635564472,,651.0499531651458,High,1
GRD,Grenada,863278627.6,,786986207.4,15671026.1,13003000.0,259989000.0,272992000.0,43225655.0,37997815.5,23506168.7,Latin America & Caribbean ,Upper middle income,68.5938767489392,1.8152,4.85035125902098,1351270370.37037,11528.9220811928,117207,423263143.568031,0.018152917956010334,0.911624801355154,,0.31622698775590535,63.886446896884436,5.007149907113025,0.4902972574969734,7365.418683184452,In debt distress,1
GUY,Guyana,3681569057.1,1089618000.0,2187409360.2,63729586.2,,185972000.0,185972000.0,599435184.9,122217517.2,71422801.5,Latin America & Caribbean ,High income,22.6406371146813,1.731,2.88572767868533,24662714628.2974,29675.2501582835,831087,1009772163.61402,0.01731044161105599,0.5941513866164007,0.2959656557028705,0.05051433155690731,14.92767163950337,16.28205734030641,0.27427766475455584,4429.823901829772,Low,0
HND,Honduras,14299817842.8,1891200000.0,9565004967.4,1761202000.0,,1114159000.0,1114159000.0,1787447273.7,923896105.2,533212878.2,Latin America & Caribbean ,Lower middle income,41.8233168617746,12.3162,18.1160284769388,36980171442.0603,3415.96027916712,10825703,8036257488.95927,0.12316254789824266,0.6688899867501464,0.1322534329311212,0.07791420927511901,38.66887925385806,12.499790510268527,0.5619832068703973,1320.9135557108855,Low,0
HTI,Haiti,944741012.3,5697000.0,250601499.5,129224000.0,,,,543003063.0,512090000.0,4165000.0,Latin America & Caribbean ,Lower middle income,3.74484478267583,13.6782,63.162658981726,24255657481.2502,2060.35591768638,11772557,2714226653.6402,0.1367824602907842,0.26525946924851207,0.00603022407816348,,3.894930545709972,57.47639362856101,2.872984890358824,80.24943198830975,High,1
KEN,Kenya,42886127218.3,337611692.6,35582544109.4,2007772843.5,1947156000.0,11872969000.0,13820125000.0,5669589267.3,5289139273.0,1370259641.6,Sub-Saharan Africa ,Lower middle income,34.992669732423,4.6816,27.2238636965006,120397537849.826,2133.46193404026,56432944,10066607177.351,0.046816371020866165,0.829698236174996,0.00787228212240944,0.32225164397923983,35.62043542102384,13.220100846225913,0.2347287533357748,759.948430446939,High,1
KGZ,Kyrgyz Republic,11689916629.6,5409712000.0,4216586368.2,1597664000.0,,749695000.0,749695000.0,817340885.3,287965917.5,131981684.6,Europe & Central Asia,Lower middle income,69.2449937236268,13.667,13.953203049199,18161630698.9052,2514.81066933171,7221868,5088723593.73523,0.136670264692441,0.3607028605767123,0.4627673722070939,0.06413176618400337,64.36600778532888,6.991845290242821,0.4353088011637388,1618.6832312083245,Moderate,0
KHM,Cambodia,20977325204.1,4434635000.0,11917966029.0,4296540000.0,,1654182000.0,1654182000.0,3408104131.7,544261646.5,158639791.2,East Asia & Pacific,Lower middle income,46.1114046291379,20.4818,10.5425721165318,46352647037.2406,2627.87969756224,17638801,22505568572.5432,0.20481829585977174,0.5681356375535735,0.21140135631463894,0.07885571606034365,45.25593799906705,16.246609606042096,1.0728521560100766,1189.2716066188398,Low,0
LAO,Lao PDR,17836681019.8,6516761611.6,10024589005.6,1096995000.0,,886793000.0,886793000.0,2139107053.7,820712717.9,138510554.7,East Asia & Pacific,Lower middle income,115.404417712173,6.1502,19.0423898045972,16502933121.3379,2123.97909415109,7769819,2213001000.16953,0.061502193080778686,0.5620209833024421,0.36535729962126506,0.04971737729769322,108.08188392121396,11.99274153821239,0.12407022347447598,2295.636619051229,In debt distress,1
LBR,Liberia,2234742478.9,145759853.5,1408536037.6,0.0,,929174000.0,929174000.0,138273037.3,34820816.5,31947708.4,Sub-Saharan Africa ,Low income,50.457044003161,0.0,9.14927792628863,4779300900.0,851.497723870206,5612817,367711666.748042,0.0,0.6302900897526765,0.06522445197880111,0.4157857152549247,46.75877342018788,6.187426005705216,0.1645431946722736,398.14989138252685,Moderate,0
LSO,Lesotho,1773147342.7,608521000.0,1016058492.6,3237695.3,,504651000.0,504651000.0,110035590.7,77325670.4,51916535.9,Sub-Saharan Africa ,Lower middle income,65.3503315479921,0.1825,6.88637904028134,2391282547.80028,1023.04227681523,2337423,1007862057.19677,0.0018259595364871985,0.573025415390935,0.3431869339596986,0.2846074817626604,74.15047395093912,6.20566537535719,0.5684028805311138,758.59069697697,Moderate,0
MDA,Moldova,10491120731.8,3978871000.0,2913711066.0,2234526000.0,291099000.0,792251000.0,1083350000.0,1138740240.9,340746466.2,324269389.6,Europe & Central Asia,Upper middle income,57.1465378506246,21.2992,16.6185835066351,18206842140.7615,7578.90216348853,2402306,5483515866.86942,0.21299211563039694,0.2777311538478582,0.37926081509475973,0.10326351470879754,57.621858039360184,10.854324051846293,0.5226816092439147,4367.104245587365,Low,0
MDG,Madagascar,6653640488.3,489332000.0,4765753163.0,101609087.0,,2649927000.0,2649927000.0,292377244.5,198089071.8,147872828.5,Sub-Saharan Africa ,Low income,39.2117046150763,1.5271,7.17223697747634,17592832696.1336,550.37875528856,31964956,2784591092.62259,0.015271201859895054,0.7162624989102239,0.07354349860958959,0.3982672350061183,37.82017713248805,4.39424469978693,0.4185063947352002,208.15422014971645,Moderate,0
MDV,Maldives,4692462747.8,352727000.0,4115745282.8,159814000.0,,93268000.0,93268000.0,501515781.8,426940664.7,103328229.8,South Asia,Upper middle income,75.5586486708217,3.4057,9.18470294592451,7061608267.25451,13379.3513577224,527799,673885912.694607,0.03405759589139556,0.8770970605423801,0.07516884394348607,0.019876130086216984,66.4503406335847,10.687688080957683,0.14361028502795245,8890.624551770656,High,1
MLI,Mali,6439962214.4,,5618291338.5,41800976.4,,2189934000.0,2189934000.0,368954004.5,304964815.9,180865589.1,Sub-Saharan Africa ,Low income,24.9435630803084,0.649,6.16273727116764,26761281076.7658,1093.2523323649,24478595,,0.006490872928808717,0.8724106060649374,,0.3400538585619687,24.06447656943893,5.729133063467436,,263.0854513667962,Moderate,0
MMR,Myanmar,11174807782.3,483586000.0,9239552754.5,63958931.7,,1445645000.0,1445645000.0,953351322.9,660985562.3,131570256.9,East Asia & Pacific,Lower middle income,15.2759866470065,0.5723,7.38528231051686,74068349523.8095,1359.05001560107,54500091,,0.005723492783590052,0.8268198374861276,0.0432746593427729,0.12936643100830655,15.087156463109556,8.531254778359877,,205.04200226564757,Low,0
MOZ,Mozambique,69765373429.6,58255298440.4,9150147490.4,1211768676.1,,2922510000.0,2922510000.0,4539290211.5,948857105.7,171359868.5,Sub-Saharan Africa ,Low income,350.573066715697,1.7369,46.5096494923949,22752244245.473,656.976148587772,34631766,3842807100.82527,0.017369199310927383,0.13115600247783926,0.8350173671640304,0.04189055195051876,306.63073355271837,6.506508871597429,0.05508186815201432,2014.4907836810864,High,1
MRT,Mauritania,4459916731.6,,3607484340.5,213336000.0,,450760000.0,450760000.0,412816512.3,373329776.8,222122282.3,Sub-Saharan Africa ,Lower middle income,41.8283000583246,4.7834,9.67472381178827,10879212033.4823,2104.54260769051,5169395,,0.047834076920863375,0.8088680927470614,,0.10106915153958251,40.9948507104557,9.256148424813787,,862.7541001606571,Moderate,0
MWI,Malawi,3743648285.8,,3003754814.0,75414708.3,,1701516000.0,1701516000.0,163792655.5,118637836.7,84225616.6,Sub-Saharan Africa ,Low income,35.2492254102013,2.0144,10.5586545915916,11311971400.3864,522.365366146003,21655286,,0.020144709797139563,0.8023603139732748,,0.4545074403634566,33.094569932099745,4.375214843800378,,172.87457140025765,In debt distress,1
NER,Niger,5308857136.5,,4527618636.5,29661801.3,,2432038000.0,2432038000.0,380821558.1,335921741.1,225036029.9,Sub-Saharan Africa ,Low income,27.5138701036448,0.5587,18.9689773253997,19729786046.7618,729.856664168989,27032412,,0.005587229141290342,0.852842432954402,,0.4581095210264753,26.90782922793696,7.173324659308244,,196.38858480330944,High,1
NIC,Nicaragua,15490530047.6,6337877000.0,7206043639.9,1346178000.0,,973948000.0,973948000.0,1821046871.8,636955351.8,569516255.5,Latin America & Caribbean ,Lower middle income,82.8145487130702,8.6903,21.3938317535199,19696311850.3289,2847.87639497305,6916140,6104867094.02533,0.0869032883873827,0.4651902560956238,0.40914526362394865,0.06287376848998766,78.64685614906799,11.75587191790213,0.39410317628034797,2239.765251657717,Moderate,0
NPL,Nepal,10152157325.7,114035000.0,8870826934.3,422881000.0,,4531123000.0,4531123000.0,536987093.3,383868031.5,308517390.7,South Asia,Lower middle income,23.2748414884129,4.1654,12.3916778046586,43298911699.9284,1460.28237984149,29651054,15846781298.75,0.041654299321138816,0.8737873783578651,0.011232587945748485,0.4463211960407218,23.446680129183914,5.289389004449595,1.5609274748564193,342.38773858426754,Low,0
PNG,Papua New Guinea,12854160687.9,4225656000.0,7252683039.9,121139804.7,3099000.0,580779000.0,583878000.0,5882895655.1,623357879.4,324049060.5,East Asia & Pacific,Lower middle income,41.8854823852824,0.9424,43.3382712553473,30803971189.4102,2912.4914068385,10576502,3708907022.18138,0.009424170713380958,0.5642284405801122,0.32873838304960157,0.045423269101468565,41.72890764265813,45.76647046771201,0.28853747142531705,1215.3508492599915,High,1
RWA,Rwanda,13050400791.1,3101796000.0,8345599359.8,500836916.3,,3720784000.0,3720784000.0,430147509.0,244847598.5,145066285.7,Sub-Saharan Africa ,Low income,93.8824280218587,3.8377,7.97435072087266,15111064181.9687,1059.93709298801,14256567,2406465191.3504,0.03837712912553279,0.6394898894976053,0.23767821767706446,0.2851087916424351,86.3632146217234,3.296048266144809,0.184397799720568,915.3957464724853,Moderate,0
SDN,Sudan,22020660462.5,,14950741401.7,4735902795.6,,217938000.0,217938000.0,200686054.8,154108527.8,78837984.6,Sub-Saharan Africa ,Low income,45.3986291468877,21.5066,,49672435513.1126,984.607666015625,50448963,,0.2150663375272049,0.6789415525097582,,0.009896978356808903,44.331751070846835,0.9113534770755743,,436.4938177718341,In debt distress,1
SEN,Senegal,47146494529.5,15448458000.0,25093882284.9,4570012000.0,,4421809000.0,4421809000.0,3438123718.1,1904940755.5,525647658.7,Sub-Saharan Africa ,Lower middle income,150.690164087921,9.6932,41.8050042927812,32169996051.8502,1738.73223822106,18501984,,0.09693216951984629,0.5322534058009026,0.32766928176035987,0.09378871205860773,146.5542440649086,7.292427045554223,,2548.1858880377367,Moderate,0
SLB,Solomon Islands,596145038.0,229495000.0,284840422.2,29193000.0,,124634000.0,124634000.0,25978065.4,6927801.1,5402122.9,East Asia & Pacific,Lower middle income,33.8252498362145,4.8969,3.64953428942652,1583964703.75061,1933.55538435227,819198,685807870.563439,0.04896962675046202,0.4778038967758715,0.38496504268479714,0.2090665728228371,37.63625771384998,4.357675354835378,1.1504043929716294,727.7178874948426,Low,0
SLE,Sierra Leone,2329744049.4,,1314090731.4,173895709.7,,463025000.0,463025000.0,153801665.5,67722872.2,48356732.2,Sub-Saharan Africa ,Low income,31.1262398944279,7.4641,9.48961863622453,6971127234.07241,806.654650274255,8642022,433270129.080483,0.07464155118017574,0.5640493992198111,,0.1987450081133363,33.4199042876887,6.60165504187509,0.1859732742710801,269.5832120538457,High,1
SOM,"Somalia, Fed. Rep.",1799443760.8,,663722400.9,752004524.0,,0.0,0.0,16298027.9,5397376.3,1663441.0,Sub-Saharan Africa ,Low income,14.918886594174,41.7909,0.656954967744848,11967000000.0,629.538899449007,19009151,,0.4179094342274262,0.3688486494320451,,0.0,15.036715641347037,0.9057258834671328,,94.6619741618129,Moderate,0
STP,Sao Tome and Principe,326406625.8,,254540060.2,7948319.2,,8967000.0,8967000.0,5221644.2,3049088.5,2510129.6,Sub-Saharan Africa ,Lower middle income,42.7472134373302,2.435,3.46661642028318,824992558.045383,3502.6176807171,235536,58787511.7763146,0.02435097382143889,0.7798250405491615,,0.02747186880175151,39.564796387174724,1.5997359695754068,0.1801051422661243,1385.8035535969025,In debt distress,1
TCD,Chad,3348359914.3,,2443737367.0,29493438.0,,139732000.0,139732000.0,365919510.1,292977675.5,55831086.2,Sub-Saharan Africa ,Low income,16.4018679739397,0.8808,,19906706689.7582,980.668312111718,20299123,1547604928.86707,0.008808323703207941,0.7298311500395804,,0.0417314755809971,16.820260460373877,10.928320714187567,0.4621979023992134,164.9509643495436,High,1
TGO,Togo,4294139883.4,1050000000.0,2421382373.6,146089000.0,,796080000.0,796080000.0,343216580.7,229503195.8,77652984.7,Sub-Saharan Africa ,Lower middle income,43.1643453395059,3.402,13.8240839508821,10643440332.2445,1266.08777721447,8406558,,0.034020549857898465,0.5638806464969663,0.24451928174464463,0.18538753315359685,40.34541228545082,7.992673504344462,,510.808333612877,Moderate,0
TJK,Tajikistan,6977429758.2,2604590000.0,2995608794.9,871155000.0,,369363000.0,369363000.0,573621878.2,274958442.6,129709659.3,Europe & Central Asia,Lower middle income,37.3947720942707,12.4853,8.76434765128616,14425113699.7925,1362.02559981695,10590927,3630709354.49572,0.12485328124961818,0.4293284058330372,0.3732878854049429,0.05293682814447799,48.37001567828452,8.221105737766395,0.5203505417204445,658.811996173706,High,1
TLS,Timor-Leste,296673869.1,,253333269.4,1264000.0,12660000.0,45137000.0,57797000.0,26056094.0,24328255.9,22795000.0,East Asia & Pacific,Lower middle income,15.365375502464,0.426,3.0506475146491,1865608515.41321,1331.9705130185,1400638,780435177.882018,0.004260570719741895,0.853911637612441,,0.19481661858300817,15.902257448384896,8.782739807535007,2.6306165091302876,211.81338011677536,Moderate,0
TON,Tonga,173176112.1,,129346755.5,0.0,,40235000.0,40235000.0,43961974.4,42950368.4,5966203.0,East Asia & Pacific,Upper middle income,,0.0,22.8214980370372,647488243.847291,6215.38990974121,104175,377298748.746431,0.0,0.7469087620197243,,0.2323357391045159,26.745831101273755,25.385703528564203,2.1786997304140945,1662.3576875449965,High,1
TZA,Tanzania,36343119611.6,6621048000.0,24277203876.6,3382972201.4,,12097217000.0,12097217000.0,1980087497.9,1816535733.6,503276783.9,Sub-Saharan Africa ,Lower middle income,47.3169345002777,9.3084,12.0902915457182,79235713444.9777,1192.60668945313,68560157,,0.0930842546692173,0.6679999993410362,0.18218160880957213,0.33286127138460647,45.86709456063285,5.448314616525092,,530.0909624754797,Moderate,0
UGA,Uganda,20534369198.0,3944029000.0,14099703963.1,519028549.9,,4898639000.0,4898639000.0,1558883495.8,1279815364.7,507769771.7,Sub-Saharan Africa ,Low income,39.2169652098837,2.5276,13.9413655640146,53911907079.0485,1077.91278438613,50015092,3482906765.58962,0.02527608931617691,0.6866392547609049,0.1920696448948692,0.23855804640334977,38.08874571602785,7.5915820971594865,0.16961352608430003,410.56345948538893,Moderate,0
UZB,Uzbekistan,70256401083.6,24180685000.0,39164853498.1,5699285000.0,3348458000.0,4330169000.0,7678627000.0,11474012471.0,4416343938.1,1504678362.5,Europe & Central Asia,Lower middle income,60.5136500172241,8.1121,36.0356756918143,121356065241.228,3337.45492058664,36361859,41236890133.3347,0.08112122044535508,0.5574560167335738,0.34417767814816963,0.10929434018208523,57.892781002701774,16.331625722397536,0.5869485128375107,1932.145468239124,Low,0
VCT,St. Vincent and the Grenadines,806447451.4,,690588809.2,65000000.0,,243873000.0,243873000.0,44142736.9,41314707.4,29883209.1,Latin America & Caribbean ,Upper middle income,70.3081457169149,8.06,10.089413090495,1157207407.40741,11501.2265187188,100616,316823948.572001,0.08060041591942466,0.8563345423203108,,0.30240408048489,69.68910207779889,5.473727621479591,0.3928637235098106,8015.101488828815,High,1
VUT,Vanuatu,519876544.1,,352895056.7,114910000.0,,95493000.0,95493000.0,26166284.2,15372759.9,4719000.0,East Asia & Pacific,Lower middle income,39.1625526066862,22.1033,6.51419321696924,1297956614.77783,3959.87703462363,327777,614649778.922429,0.22103324588134654,0.678805498545669,,0.18368399398614066,40.053460815328314,5.033172682429547,1.1822995014835656,1586.067796398161,Moderate,0
WSM,Samoa,394938377.5,12230000.0,258330941.0,68537000.0,,89874000.0,89874000.0,36591773.8,34244345.3,12657356.3,East Asia & Pacific,Upper middle income,37.560249218259,17.3538,9.03364082612879,1175749785.65113,5392.87761915762,218019,507740280.935857,0.17353846550402663,0.6541044267089491,0.030966856342037816,0.22756461544434234,33.5903422921981,9.26518563013036,1.2856189974494363,1811.4860516743954,Moderate,0
YEM,"Yemen, Rep.",7086874767.4,,5664615782.8,510644100.8,,1042129000.0,1042129000.0,138971636.5,90250000.0,90250000.0,"Middle East, North Africa, Afghanistan & Pakistan",Low income,,7.2054,,,,40583164,,0.07205490679036548,0.7993108342844626,,0.1470505736596121,,1.9609720936410067,,174.62597956630486,Moderate,0
ZMB,Zambia,28117735300.5,6722792000.0,15473254703.4,2792341916.4,,2509679000.0,2509679000.0,3912853421.5,687288623.0,181266623.0,Sub-Saharan Africa ,Lower middle income,114.201909487961,9.9308,30.4672923466845,25303185342.2511,1187.10943350064,21314956,4089834507.97439,0.09930891967499053,0.5503023105536117,0.23909436262032288,0.08925608599620653,111.12330293668278,13.915962219867758,0.14545390886803258,1319.1552119788566,High,1
ZWE,Zimbabwe,14403740329.7,3797788968.6,5313771371.6,3967157036.7,425155000.0,430166000.0,855321000.0,1415303816.0,88993640.7,66772855.4,Sub-Saharan Africa ,Lower middle income,32.9765971565783,27.5425,,41521975830.2351,2496.15514995576,16634373,484972804.72655,0.275425476014717,0.36891607665567205,0.26366685886228414,0.05938186751647823,34.68943864470827,9.825946480593613,0.03366992139719107,865.9022092206301,In debt distress,1
